date,total_bursts,total_raw_groups,total_samples,bursts_h00,bursts_h01,bursts_h02,bursts_h03,bursts_h04,bursts_h05,bursts_h06,bursts_h07,bursts_h08,bursts_h09,bursts_h10,bursts_h11,bursts_h12,bursts_h13,bursts_h14,bursts_h15,bursts_h16,bursts_h17,bursts_h18,bursts_h19,bursts_h20,bursts_h21,bursts_h22,bursts_h23,raw_h00,raw_h01,raw_h02,raw_h03,raw_h04,raw_h05,raw_h06,raw_h07,raw_h08,raw_h09,raw_h10,raw_h11,raw_h12,raw_h13,raw_h14,raw_h15,raw_h16,raw_h17,raw_h18,raw_h19,raw_h20,raw_h21,raw_h22,raw_h23,samples_h00,samples_h01,samples_h02,samples_h03,samples_h04,samples_h05,samples_h06,samples_h07,samples_h08,samples_h09,samples_h10,samples_h11,samples_h12,samples_h13,samples_h14,samples_h15,samples_h16,samples_h17,samples_h18,samples_h19,samples_h20,samples_h21,samples_h22,samples_h23
2004-01-01,34,154,216011,0,0,0,0,0,0,0,0,26,0,1,1,2,3,1,0,0,0,0,0,0,0,0,0,0,0,0,0,0,0,0,0,124,2,2,4,12,6,4,0,0,0,0,0,0,0,0,0,0,0,0,0,0,0,0,0,28178,35997,36003,35998,36004,35997,7834,0,0,0,0,0,0,0,0,0
2004-01-02,21,87,217805,0,0,0,0,0,0,0,0,2,3,0,2,1,1,12,0,0,0,0,0,0,0,0,0,0,0,0,0,0,0,0,0,36,5,1,4,4,6,31,0,0,0,0,0,0,0,0,0,0,0,0,0,0,0,0,0,28172,35997,36003,35997,36003,35998,9635,0,0,0,0,0,0,0,0,0
2004-01-03,11,44,217810,0,0,0,0,0,0,0,0,0,1,1,1,2,5,1,0,0,0,0,0,0,0,0,0,0,0,0,0,0,0,0,0,21,1,1,3,6,8,4,0,0,0,0,0,0,0,0,0,0,0,0,0,0,0,0,0,28178,36001,35995,35999,36003,35998,9636,0,0,0,0,0,0,0,0,0
2004-01-04,9,56,219605,0,0,0,0,0,0,0,0,5,0,1,1,1,0,1,0,0,0,0,0,0,0,0,0,0,0,0,0,0,0,0,0,40,2,4,2,6,1,1,0,0,0,0,0,0,0,0,0,0,0,0,0,0,0,0,0,29972,35998,36002,35997,36004,35997,9635,0,0,0,0,0,0,0,0,0
2004-01-05,228,490,221415,0,0,0,0,0,0,0,0,156,1,1,6,2,37,25,0,0,0,0,0,0,0,0,0,0,0,0,0,0,0,0,0,304,4,12,18,13,90,49,0,0,0,0,0,0,0,0,0,0,0,0,0,0,0,0,0,29981,35996,36002,35998,36006,35996,11436,0,0,0,0,0,0,0,0,0
2004-01-06,19,89,221409,0,0,0,0,0,0,0,0,7,1,1,1,3,0,6,0,0,0,0,0,0,0,0,0,0,0,0,0,0,0,0,0,42,11,1,1,10,8,16,0,0,0,0,0,0,0,0,0,0,0,0,0,0,0,0,0,29973,35999,36004,35997,36003,35996,11437,0,0,0,0,0,0,0,0,0
2004-01-07,11,42,223204,0,0,0,0,0,0,0,0,0,1,5,1,0,0,4,0,0,0,0,0,0,0,0,0,0,0,0,0,0,0,0,0,4,1,15,2,1,3,16,0,0,0,0,0,0,0,0,0,0,0,0,0,0,0,0,0,29972,35998,36003,36000,36003,35998,13230,0,0,0,0,0,0,0,0,0
2004-01-08,11,36,223211,0,0,0,0,0,0,0,0,0,1,6,1,2,0,1,0,0,0,0,0,0,0,0,0,0,0,0,0,0,0,0,0,1,2,9,1,6,10,7,0,0,0,0,0,0,0,0,0,0,0,0,0,0,0,0,0,29972,36009,35992,35999,36002,35998,13239,0,0,0,0,0,0,0,0,0
2004-01-09,18,67,223198,0,0,0,0,0,0,0,0,0,0,1,0,1,9,7,0,0,0,0,0,0,0,0,0,0,0,0,0,0,0,0,0,2,2,1,1,12,33,16,0,0,0,0,0,0,0,0,0,0,0,0,0,0,0,0,0,29962,36007,35995,36006,36001,35999,13228,0,0,0,0,0,0,0,0,0
2004-01-10,6,23,226809,0,0,0,0,0,0,0,0,2,1,1,1,0,0,1,0,0,0,0,0,0,0,0,0,0,0,0,0,0,0,0,0,9,1,1,1,1,5,5,0,0,0,0,0,0,0,0,0,0,0,0,0,0,0,0,0,31772,35998,36002,35998,36002,35997,15040,0,0,0,0,0,0,0,0,0
2004-01-11,2,23,230408,0,0,0,0,0,0,0,0,0,0,1,1,0,0,0,0,0,0,0,0,0,0,0,0,0,0,0,0,0,0,0,0,4,4,1,2,1,5,6,0,0,0,0,0,0,0,0,0,0,0,0,0,0,0,0,0,33574,35997,36004,35996,35997,36008,16832,0,0,0,0,0,0,0,0,0
2004-01-12,7,16,230403,0,0,0,0,0,0,0,0,0,4,1,0,0,1,1,0,0,0,0,0,0,0,0,0,0,0,0,0,0,0,0,0,2,5,1,1,0,2,5,0,0,0,0,0,0,0,0,0,0,0,0,0,0,0,0,0,33573,35996,36003,35998,36004,35997,16832,0,0,0,0,0,0,0,0,0
2004-01-13,2,13,234006,0,0,0,0,0,0,0,0,0,0,0,1,0,0,1,0,0,0,0,0,0,0,0,0,0,0,0,0,0,0,0,0,3,1,1,1,1,2,4,0,0,0,0,0,0,0,0,0,0,0,0,0,0,0,0,0,35375,35997,36003,35997,36004,35998,18632,0,0,0,0,0,0,0,0,0
2004-01-14,30,77,234004,0,0,0,0,0,0,0,0,0,0,1,13,11,3,2,0,0,0,0,0,0,0,0,0,0,0,0,0,0,0,0,0,4,0,4,24,25,15,5,0,0,0,0,0,0,0,0,0,0,0,0,0,0,0,0,0,35365,36009,35993,35997,36002,36006,18632,0,0,0,0,0,0,0,0,0
2004-01-15,4,20,235816,0,0,0,0,0,0,0,0,1,1,0,0,1,0,1,0,0,0,0,0,0,0,0,0,0,0,0,0,0,0,0,0,7,2,1,1,1,3,5,0,0,0,0,0,0,0,0,0,0,0,0,0,0,0,0,0,35374,35998,36002,35998,36002,36007,20435,0,0,0,0,0,0,0,0,0
2004-01-16,3,15,239402,0,0,0,0,0,0,0,0,0,1,1,0,0,0,1,0,0,0,0,0,0,0,0,0,0,0,0,0,0,0,0,0,3,2,1,0,0,1,8,0,0,0,0,0,0,0,0,0,0,0,0,0,0,0,0,1170,35997,36008,35992,36007,35993,36008,22227,0,0,0,0,0,0,0,0,0
2004-01-17,11,44,241213,0,0,0,0,0,0,0,1,1,1,3,1,1,0,3,0,0,0,0,0,0,0,0,0,0,0,0,0,0,0,0,1,9,3,7,1,1,1,21,0,0,0,0,0,0,0,0,0,0,0,0,0,0,0,0,1170,36009,35996,36003,35998,36002,35998,24037,0,0,0,0,0,0,0,0,0
2004-01-18,8,53,243005,0,0,0,0,0,0,0,0,0,1,3,2,0,1,1,0,0,0,0,0,0,0,0,0,0,0,0,0,0,0,0,0,7,2,11,10,1,6,16,0,0,0,0,0,0,0,0,0,0,0,0,0,0,0,0,2970,36001,35998,36001,35997,36003,35999,24036,0,0,0,0,0,0,0,0,0
2004-01-19,47,105,244804,0,0,0,0,0,0,0,0,0,0,27,15,3,0,2,0,0,0,0,0,0,0,0,0,0,0,0,0,0,0,0,1,1,1,46,25,13,2,16,0,0,0,0,0,0,0,0,0,0,0,0,0,0,0,0,2970,35998,35997,36003,35998,36002,35999,25837,0,0,0,0,0,0,0,0,0
2004-01-20,16,39,248406,0,0,0,0,0,0,0,0,0,0,13,2,0,0,1,0,0,0,0,0,0,0,0,0,0,0,0,0,0,0,0,0,0,1,19,2,1,1,15,0,0,0,0,0,0,0,0,0,0,0,0,0,0,0,0,4770,36002,35994,36002,36001,36003,35999,27635,0,0,0,0,0,0,0,0,0
2004-01-21,4,31,250204,0,0,0,0,0,0,0,1,0,0,0,0,0,0,3,0,0,0,0,0,0,0,0,0,0,0,0,0,0,0,0,1,2,3,1,0,1,1,22,0,0,0,0,0,0,0,0,0,0,0,0,0,0,0,0,4770,35999,35998,36003,35997,36003,36000,29434,0,0,0,0,0,0,0,0,0
2004-01-22,12,58,253808,0,0,0,0,0,0,0,0,0,1,0,0,0,0,11,0,0,0,0,0,0,0,0,0,0,0,0,0,0,0,0,1,0,1,1,0,2,1,52,0,0,0,0,0,0,0,0,0,0,0,0,0,0,0,0,6570,36002,36000,35993,36007,36004,35998,31234,0,0,0,0,0,0,0,0,0
2004-01-23,12,68,255603,0,0,0,0,0,0,0,1,0,0,0,0,0,1,10,0,0,0,0,0,0,0,0,0,0,0,0,0,0,0,0,1,6,1,1,1,1,2,55,0,0,0,0,0,0,0,0,0,0,0,0,0,0,0,0,8370,36005,36000,36002,36000,35992,35999,31235,0,0,0,0,0,0,0,0,0
2004-01-24,8,55,261004,0,0,0,0,0,0,0,0,1,1,1,1,0,0,4,0,0,0,0,0,0,0,0,0,0,0,0,0,0,0,0,0,2,1,2,1,1,1,47,0,0,0,0,0,0,0,0,0,0,0,0,0,0,0,0,11970,36000,35998,36003,35998,36002,35997,33036,0,0,0,0,0,0,0,0,0
2004-01-25,16,99,264614,0,0,0,0,0,0,0,0,0,1,1,0,0,0,14,0,0,0,0,0,0,0,0,0,0,0,0,0,0,0,0,0,1,2,1,1,1,2,91,0,0,0,0,0,0,0,0,0,0,0,0,0,0,0,0,13770,36009,35997,36000,35998,36003,35998,34839,0,0,0,0,0,0,0,0,0
2004-01-26,21,99,268219,0,0,0,0,0,0,0,1,0,1,1,1,0,0,17,0,0,0,0,0,0,0,0,0,0,0,0,0,0,0,0,1,0,1,1,1,1,1,92,1,0,0,0,0,0,0,0,0,0,0,0,0,0,0,0,15580,35992,36008,35994,35999,36003,35998,36003,642,0,0,0,0,0,0,0,0
2004-01-27,12,66,271805,0,0,0,0,0,0,0,0,0,1,1,0,0,0,9,1,0,0,0,0,0,0,0,0,0,0,0,0,0,0,0,1,0,1,1,1,1,1,59,1,0,0,0,0,0,0,0,0,0,0,0,0,0,0,0,17370,35992,36009,35993,35998,36004,36001,36004,2434,0,0,0,0,0,0,0,0
2004-01-28,11,52,277212,0,0,0,0,0,0,0,0,0,1,1,0,0,1,7,1,0,0,0,0,0,0,0,0,0,0,0,0,0,0,0,0,0,1,1,1,1,1,46,1,0,0,0,0,0,0,0,0,0,0,0,0,0,0,0,20971,36002,36001,35994,36001,36003,35999,36003,4238,0,0,0,0,0,0,0,0
2004-01-29,5,38,280805,0,0,0,0,0,0,0,0,0,1,1,1,0,0,2,0,0,0,0,0,0,0,0,0,0,0,0,0,0,0,0,1,0,1,1,1,1,1,31,1,0,0,0,0,0,0,0,0,0,0,0,0,0,0,0,22773,36000,35997,36002,35997,36001,35999,36001,6035,0,0,0,0,0,0,0,0
2004-01-30,7,32,284411,0,0,0,0,0,0,0,1,0,1,3,0,0,0,2,0,0,0,0,0,0,0,0,0,0,0,0,0,0,0,0,1,0,1,3,1,1,1,23,1,0,0,0,0,0,0,0,0,0,0,0,0,0,0,0,24576,35995,35997,36005,35998,36002,35997,36003,7838,0,0,0,0,0,0,0,0
2004-01-31,7,32,289813,0,0,0,0,0,0,0,0,0,0,3,1,0,1,1,1,0,0,0,0,0,0,0,0,0,0,0,0,0,0,0,0,0,1,6,1,1,1,21,1,0,0,0,0,0,0,0,0,0,0,0,0,0,0,0,28170,36003,35998,36003,36001,35994,36009,35992,9643,0,0,0,0,0,0,0,0
2004-02-01,14,39,293412,0,0,0,0,0,0,0,1,0,0,10,0,1,0,1,1,0,0,0,0,0,0,0,0,0,0,0,0,0,0,0,1,3,1,14,1,3,1,14,1,0,0,0,0,0,0,0,0,0,0,0,0,0,0,0,29973,36004,35999,36003,35997,36002,35998,36003,11433,0,0,0,0,0,0,0,0
2004-02-02,18,56,298806,0,0,0,0,0,0,0,0,0,0,10,5,0,1,1,1,0,0,0,0,0,0,0,0,0,0,0,0,0,0,0,0,0,1,22,9,1,1,20,2,0,0,0,0,0,0,0,0,0,0,0,0,0,0,0,33564,36002,36001,36003,36002,35996,35999,36003,13236,0,0,0,0,0,0,0,0
2004-02-03,5,23,302405,0,0,0,0,0,0,0,0,0,0,2,1,0,1,0,1,0,0,0,0,0,0,0,0,0,0,0,0,0,0,0,2,0,1,3,1,1,1,12,2,0,0,0,0,0,0,0,0,0,0,0,0,0,0,0,35372,36002,35992,36004,35999,36006,35998,35993,15039,0,0,0,0,0,0,0,0
2004-02-04,35,79,307812,0,0,0,0,0,0,0,1,0,4,13,13,0,1,2,1,0,0,0,0,0,0,0,0,0,0,0,0,0,0,0,2,0,8,18,35,1,1,10,4,0,0,0,0,0,0,0,0,0,0,0,0,0,0,2970,36008,35995,35997,36005,36001,36003,36000,35996,16837,0,0,0,0,0,0,0,0
2004-02-05,26,76,313207,0,0,0,0,0,0,1,2,0,0,15,3,0,0,3,2,0,0,0,0,0,0,0,0,0,0,0,0,0,0,1,7,1,1,20,6,1,0,24,15,0,0,0,0,0,0,0,0,0,0,0,0,0,0,4780,35996,36002,35999,36001,35998,35994,36002,36002,20433,0,0,0,0,0,0,0,0
2004-02-06,23,98,318605,0,0,0,0,0,0,0,1,0,0,0,1,0,0,8,13,0,0,0,0,0,0,0,0,0,0,0,0,0,0,0,1,1,1,1,1,0,4,40,49,0,0,0,0,0,0,0,0,0,0,0,0,0,0,8370,36001,36002,36005,35996,36000,36004,35998,35994,22235,0,0,0,0,0,0,0,0
2004-02-07,69,152,322201,0,0,0,0,0,0,0,1,1,1,8,21,10,5,0,22,0,0,0,0,0,0,0,0,0,0,0,0,0,0,1,4,1,1,13,27,16,7,18,64,0,0,0,0,0,0,0,0,0,0,0,0,0,0,10170,35995,36007,35997,36003,35999,35994,36001,36002,24033,0,0,0,0,0,0,0,0
2004-02-08,105,225,327611,0,0,0,0,0,0,0,0,0,0,8,14,0,0,2,81,0,0,0,0,0,0,0,0,0,0,0,0,0,0,2,6,0,0,13,21,4,1,29,149,0,0,0,0,0,0,0,0,0,0,0,0,0,0,13780,35994,36006,35998,35994,36009,35993,35999,36003,25835,0,0,0,0,0,0,0,0
2004-02-09,188,339,331204,0,0,0,0,0,0,0,0,1,0,21,29,11,0,9,117,0,0,0,0,0,0,0,0,0,0,0,0,0,0,1,4,1,3,33,37,17,1,27,215,0,0,0,0,0,0,0,0,0,0,0,0,0,0,15570,36000,36004,36003,35994,36000,36005,35998,35994,27636,0,0,0,0,0,0,0,0
2004-02-10,229,431,335023,0,0,0,0,0,0,1,1,1,1,6,6,12,9,2,190,0,0,0,0,0,0,0,0,0,0,0,0,0,0,1,16,2,1,11,11,25,11,35,318,0,0,0,0,0,0,0,0,0,0,0,0,0,0,15785,36009,35997,35997,36006,35999,35993,36002,36005,31230,0,0,0,0,0,0,0,0
2004-02-11,163,416,338579,0,0,0,0,0,0,0,15,0,3,3,0,3,2,14,123,0,0,0,0,0,0,0,0,0,0,0,0,0,0,1,41,6,21,21,12,25,21,65,203,0,0,0,0,0,0,0,0,0,0,0,0,0,0,17553,35998,35993,36009,35993,36007,35993,35999,36003,33031,0,0,0,0,0,0,0,0
2004-02-12,154,330,343810,0,0,0,0,0,0,1,12,1,2,1,0,0,0,2,135,0,0,0,0,0,0,0,0,0,0,0,0,0,0,1,57,4,7,2,2,5,2,29,221,0,0,0,0,0,0,0,0,0,0,0,0,0,0,20972,36000,36004,35999,35995,36007,36002,36001,35996,34834,0,0,0,0,0,0,0,0
2004-02-13,287,535,343935,0,0,0,0,0,0,0,3,1,0,1,0,2,0,3,277,0,0,0,0,0,0,0,0,0,0,0,0,0,0,1,38,2,4,1,4,10,3,32,439,1,0,0,0,0,0,0,0,0,0,0,0,0,0,19300,35997,36004,35999,36005,36000,35992,36000,36005,35996,637,0,0,0,0,0,0,0
2004-02-14,461,781,349283,0,0,0,0,0,0,0,22,0,1,2,3,2,1,75,354,1,0,0,0,0,0,0,0,0,0,0,0,0,0,1,76,1,8,9,27,31,6,158,463,1,0,0,0,0,0,0,0,0,0,0,0,0,0,21047,35998,36003,35998,35995,35998,36004,35999,36003,35998,4240,0,0,0,0,0,0,0
2004-02-15,466,797,352841,0,0,0,0,0,0,0,29,4,1,0,0,0,0,21,410,1,0,0,0,0,0,0,0,0,0,0,0,0,0,1,87,14,8,6,9,5,3,84,579,1,0,0,0,0,0,0,0,0,0,0,0,0,0,22803,36002,36002,35999,36003,35998,36003,35997,36004,35999,6031,0,0,0,0,0,0,0
2004-02-16,699,1226,356412,0,0,0,0,0,0,0,2,0,0,1,2,0,0,3,690,1,0,0,0,0,0,0,0,0,0,0,0,0,0,1,28,2,2,1,7,1,1,24,1158,1,0,0,0,0,0,0,0,0,0,0,0,0,0,24579,35999,35993,36000,36003,35996,36003,35999,36003,35999,7838,0,0,0,0,0,0,0
2004-02-17,526,847,361752,0,0,0,0,0,0,1,0,1,0,1,1,0,1,3,518,0,0,0,0,0,0,0,0,0,0,0,0,0,0,1,12,2,1,1,1,0,1,17,810,1,0,0,0,0,0,0,0,0,0,0,0,0,0,26317,36002,36002,35998,35997,35997,36004,35997,36003,35999,11436,0,0,0,0,0,0,0
2004-02-18,807,1402,365319,0,0,0,0,0,0,1,1,0,5,0,0,0,0,2,798,0,0,0,0,0,0,0,0,0,0,0,0,0,0,1,17,1,5,3,0,1,1,22,1350,1,0,0,0,0,0,0,0,0,0,0,0,0,0,28084,36008,35992,35999,36002,36003,35995,36000,36004,36001,13231,0,0,0,0,0,0,0
2004-02-19,872,1461,368888,0,0,0,0,0,0,1,2,0,0,0,0,0,0,3,866,0,0,0,0,0,0,0,0,0,0,0,0,0,0,1,16,1,1,1,1,1,0,8,1430,1,0,0,0,0,0,0,0,0,0,0,0,0,0,29848,36000,36005,36000,35993,36000,36003,35998,35997,36002,15042,0,0,0,0,0,0,0
2004-02-20,906,1499,366661,0,0,0,0,0,0,0,0,0,0,1,1,0,1,1,901,1,0,0,0,0,0,0,0,0,0,0,0,0,0,1,19,1,1,1,1,1,1,10,1462,1,0,0,0,0,0,0,0,0,0,0,0,0,0,27804,36007,35995,36007,35993,36007,35994,36006,35994,35998,14856,0,0,0,0,0,0,0
2004-02-21,993,1627,370153,0,0,0,0,0,0,0,1,1,0,0,0,1,0,0,990,0,0,0,0,0,0,0,0,0,0,0,0,0,0,1,11,1,1,1,2,1,1,4,1603,1,0,0,0,0,0,0,0,0,0,0,0,0,0,29546,36000,36003,35996,35996,36002,36007,35997,36004,35996,16606,0,0,0,0,0,0,0
2004-02-22,661,994,371521,0,0,0,0,0,0,0,1,0,1,1,1,1,1,2,653,0,0,0,0,0,0,0,0,0,0,0,0,0,0,1,11,1,1,1,1,1,1,7,968,1,0,0,0,0,0,0,0,0,0,0,0,0,0,31231,36007,35994,36006,35993,36006,36003,35998,35993,36008,16282,0,0,0,0,0,0,0
2004-02-23,202,392,373249,0,0,0,0,0,0,0,2,0,3,3,2,1,0,1,189,1,0,0,0,0,0,0,0,0,0,0,0,0,0,1,19,3,5,12,11,1,1,12,326,1,0,0,0,0,0,0,0,0,0,0,0,0,0,31201,35997,36002,35996,36005,35998,36002,35996,36001,35996,18055,0,0,0,0,0,0,0
2004-02-24,687,1009,378433,0,0,0,0,0,0,0,11,0,0,10,1,0,1,0,663,1,0,0,0,0,0,0,0,0,0,0,0,0,0,1,63,4,8,26,1,2,1,3,899,1,0,0,0,0,0,0,0,0,0,0,0,0,0,32886,35997,36003,35998,36005,35996,35995,36006,36003,35998,21546,0,0,0,0,0,0,0
2004-02-25,773,1127,377911,0,0,0,0,0,0,1,1,0,0,0,0,1,0,2,768,0,0,0,0,0,0,0,0,0,0,0,0,0,0,1,10,1,1,1,1,1,0,20,1090,1,0,0,0,0,0,0,0,0,0,0,0,0,0,34615,36005,35996,35999,36001,36001,36005,35998,35996,36003,19292,0,0,0,0,0,0,0
2004-02-26,792,1143,383617,0,0,0,0,0,1,1,0,1,0,1,0,0,0,1,786,1,0,0,0,0,0,0,0,0,0,0,0,0,1,1,13,1,1,1,1,2,2,4,1115,1,0,0,0,0,0,0,0,0,0,0,0,0,378,36005,35997,36003,35997,36004,35997,35995,36009,35999,35994,23239,0,0,0,0,0,0,0
2004-02-27,634,964,387073,0,0,0,0,0,1,0,0,0,1,0,0,0,2,4,625,1,0,0,0,0,0,0,0,0,0,0,0,0,1,2,4,1,2,3,3,1,5,8,933,1,0,0,0,0,0,0,0,0,0,0,0,0,2106,36006,35997,36003,35998,36003,35996,36003,35996,36004,35997,24964,0,0,0,0,0,0,0
2004-02-28,368,600,384751,0,0,0,0,0,1,1,1,0,0,0,0,0,0,3,362,0,0,0,0,0,0,0,0,0,0,0,0,0,1,1,1,1,1,1,1,2,2,4,584,1,0,0,0,0,0,0,0,0,0,0,0,0,2080,35996,35997,36004,35997,36003,35998,36005,35997,35995,35999,22680,0,0,0,0,0,0,0
2004-02-29,334,584,388171,0,0,0,0,0,1,0,0,0,1,0,0,0,1,1,330,0,0,0,0,0,0,0,0,0,0,0,0,0,1,1,0,1,1,1,1,5,1,1,570,1,0,0,0,0,0,0,0,0,0,0,0,0,3798,36007,35997,36004,35997,36002,35999,36003,35996,36003,35997,24368,0,0,0,0,0,0,0
2004-03-01,172,389,389786,0,0,0,0,0,0,1,0,1,0,6,0,0,0,1,162,1,0,0,0,0,0,0,0,0,0,0,0,0,1,1,0,1,2,10,1,0,1,1,370,1,0,0,0,0,0,0,0,0,0,0,0,0,5564,35999,35997,36003,36007,35994,35997,36003,36000,36005,35996,24221,0,0,0,0,0,0,0
2004-03-02,50,170,393301,0,0,0,0,0,1,1,0,0,1,5,0,0,1,0,40,1,0,0,0,0,0,0,0,0,0,0,0,0,1,1,1,1,1,6,1,1,1,1,154,1,0,0,0,0,0,0,0,0,0,0,0,0,7300,35992,36008,36001,35997,36002,35997,35997,36000,36004,36000,26003,0,0,0,0,0,0,0
2004-03-03,64,137,395011,0,0,0,0,0,0,1,0,0,2,21,23,3,1,1,11,1,0,0,0,0,0,0,0,0,0,0,0,0,1,1,1,1,4,34,27,6,2,1,58,1,0,0,0,0,0,0,0,0,0,0,0,0,7264,35992,36008,35993,36000,36004,35997,36004,35997,36003,35998,27751,0,0,0,0,0,0,0
2004-03-04,3,16,335829,0,0,0,0,0,0,0,0,1,0,0,1,0,0,0,1,0,0,0,0,0,0,0,0,0,0,0,0,0,1,2,1,1,2,4,1,1,1,1,1,0,0,0,0,0,0,0,0,0,0,0,0,0,10518,35995,35997,36005,35999,36005,35998,35995,35998,36003,1316,0,0,0,0,0,0,0,0
2004-03-06,10,29,256269,0,0,0,0,0,1,2,1,3,1,0,2,0,0,0,0,0,0,0,0,0,0,0,0,0,0,0,0,0,1,3,7,8,2,4,3,1,0,0,0,0,0,0,0,0,0,0,0,0,0,0,0,0,13049,35991,36009,35993,36000,36001,36004,27222,0,0,0,0,0,0,0,0,0,0,0
2004-03-08,188,375,408691,0,0,0,0,0,1,1,0,1,1,1,0,2,0,8,87,86,0,0,0,0,0,0,0,0,0,0,0,0,1,11,2,1,2,4,1,2,5,20,187,139,0,0,0,0,0,0,0,0,0,0,0,0,14170,36000,35996,36001,35994,36001,36004,36001,36003,35999,35994,34528,0,0,0,0,0,0,0
2004-03-09,1067,2269,412111,0,0,0,0,0,0,12,248,134,122,111,86,61,19,25,120,128,1,0,0,0,0,0,0,0,0,0,0,0,1,52,410,275,284,271,249,193,48,75,232,178,1,0,0,0,0,0,0,0,0,0,0,0,15899,35999,36006,36000,35995,35996,36001,36002,35999,36001,35996,36001,216,0,0,0,0,0,0
2004-03-10,251,635,413821,0,0,0,0,0,1,49,1,30,13,3,4,7,4,0,12,126,1,0,0,0,0,0,0,0,0,0,0,0,1,121,11,102,49,29,30,37,19,10,32,193,1,0,0,0,0,0,0,0,0,0,0,0,17665,36003,35995,36001,35996,36002,35997,36001,36005,36002,35994,36001,159,0,0,0,0,0,0
2004-03-11,433,762,417241,0,0,0,0,0,0,176,0,0,0,2,1,1,1,0,4,247,1,0,0,0,0,0,0,0,0,0,0,0,1,306,1,12,9,8,17,6,3,9,18,371,1,0,0,0,0,0,0,0,0,0,0,0,19394,35999,35995,36000,36005,35999,36004,35990,36004,35999,36005,35993,1854,0,0,0,0,0,0
2004-03-12,594,981,420661,0,0,0,0,0,1,400,1,2,0,1,1,0,0,0,1,186,1,0,0,0,0,0,0,0,0,0,0,0,1,636,2,4,1,3,1,1,2,1,2,326,1,0,0,0,0,0,0,0,0,0,0,0,21114,35999,36005,36001,35994,36004,36004,36000,35994,36002,35994,36009,3541,0,0,0,0,0,0
2004-03-13,187,381,417925,0,0,0,0,0,0,8,1,1,4,1,0,0,0,1,0,170,1,0,0,0,0,0,0,0,0,0,0,0,1,68,3,1,7,2,3,1,3,2,1,288,1,0,0,0,0,0,0,0,0,0,0,0,21077,35999,36008,36001,35993,36001,36003,36000,35994,36002,36003,36000,844,0,0,0,0,0,0
2004-03-14,205,393,421309,0,0,0,0,0,0,2,1,1,1,1,0,0,1,1,1,196,0,0,0,0,0,0,0,0,0,0,0,0,1,25,2,1,1,1,1,1,1,1,1,356,1,0,0,0,0,0,0,0,0,0,0,0,22806,36000,36006,36001,35994,36001,35995,36002,36005,36001,35993,36000,2505,0,0,0,0,0,0
2004-03-15,125,260,427501,0,0,0,0,0,0,0,0,1,0,6,1,0,0,1,0,115,1,0,0,0,0,0,0,0,0,0,0,0,1,3,1,1,1,13,3,1,1,1,1,232,1,0,0,0,0,0,0,0,0,0,0,0,24573,36001,35995,36001,36005,35992,36004,36000,35995,36001,36004,36002,6928,0,0,0,0,0,0
2004-03-16,132,255,426385,0,0,0,0,0,0,0,0,0,1,3,3,0,1,1,0,122,1,0,0,0,0,0,0,0,0,0,0,0,0,2,0,0,1,8,6,0,2,1,1,233,1,0,0,0,0,0,0,0,0,0,0,0,26293,36000,35996,36001,36003,36001,35994,36010,35995,36003,35994,36000,4095,0,0,0,0,0,0
2004-03-17,169,358,429769,0,0,0,0,0,0,0,0,1,0,1,0,0,1,0,0,166,0,0,0,0,0,0,0,0,0,0,0,0,1,5,1,3,2,1,0,1,2,1,1,339,1,0,0,0,0,0,0,0,0,0,0,0,28032,35999,35995,36000,36004,36001,35994,36002,36004,36000,35995,36000,5743,0,0,0,0,0,0
2004-03-18,242,451,431461,0,0,0,0,0,0,0,0,0,0,1,0,0,0,0,1,239,1,0,0,0,0,0,0,0,0,0,0,0,0,12,1,1,1,1,0,1,1,1,1,430,1,0,0,0,0,0,0,0,0,0,0,0,27996,36000,36005,35999,35994,36001,35996,36000,36006,35994,36006,36001,7463,0,0,0,0,0,0
2004-03-19,250,499,434845,0,0,0,0,0,0,0,0,0,1,7,2,1,0,1,0,237,1,0,0,0,0,0,0,0,0,0,0,0,1,2,1,1,1,15,4,1,0,1,0,471,1,0,0,0,0,0,0,0,0,0,0,0,29725,36000,36004,36000,35995,36000,36004,36000,35994,36001,36006,36001,9115,0,0,0,0,0,0
2004-03-20,234,456,436537,0,0,0,0,0,0,0,0,0,0,2,1,0,1,1,0,229,0,0,0,0,0,0,0,0,0,0,0,0,1,0,1,1,1,11,8,0,1,2,1,428,1,0,0,0,0,0,0,0,0,0,0,0,31481,36000,36004,36001,35994,36001,36003,36002,35994,36000,36008,36000,9049,0,0,0,0,0,0
2004-03-21,141,314,439921,0,0,0,0,0,0,1,1,0,1,0,2,1,0,0,1,133,1,0,0,0,0,0,0,0,0,0,0,0,1,5,1,0,4,3,8,8,6,1,1,275,1,0,0,0,0,0,0,0,0,0,0,0,33210,36009,35996,36000,35995,36001,36005,35999,35995,36002,36004,36001,10704,0,0,0,0,0,0
2004-03-22,238,463,441613,0,0,0,0,0,0,0,1,0,0,2,1,0,1,1,1,230,1,0,0,0,0,0,0,0,0,0,0,0,1,0,1,1,0,3,5,11,4,1,1,434,1,0,0,0,0,0,0,0,0,0,0,0,33175,36001,35997,35999,36004,36002,35997,36001,35996,35999,36004,36001,12437,0,0,0,0,0,0
2004-03-23,190,404,443211,0,0,0,0,0,0,0,0,0,0,0,0,0,7,1,1,181,0,0,0,0,0,0,0,0,0,0,0,0,1,0,1,1,1,1,3,1,14,1,3,376,1,0,0,0,0,0,0,0,0,0,0,0,34941,36000,35996,36000,35996,36001,36004,36000,35994,36009,35994,36000,12276,0,0,0,0,0,0
2004-03-24,252,470,449731,0,0,0,0,0,0,0,1,1,1,0,0,1,3,0,1,243,1,0,0,0,0,0,0,0,0,0,0,1,1,0,1,1,1,0,1,1,9,4,1,448,1,0,0,0,0,0,0,0,0,0,0,3636,36001,36001,36005,36000,35995,35998,36006,36000,35995,36000,36005,36000,14089,0,0,0,0,0,0
2004-03-25,196,421,451441,0,0,0,0,0,0,0,1,1,0,0,0,39,0,1,0,153,1,0,0,0,0,0,0,0,0,0,0,1,1,0,3,4,1,1,1,52,0,1,1,354,1,0,0,0,0,0,0,0,0,0,0,5418,36002,35999,36006,35991,36004,36000,36004,36001,35994,35999,36004,36001,14018,0,0,0,0,0,0
2004-03-26,128,327,437856,0,0,0,0,0,0,0,0,0,1,0,0,0,0,0,0,126,1,0,0,0,0,0,0,0,0,0,0,1,0,0,1,0,1,3,1,1,1,1,1,315,1,0,0,0,0,0,0,0,0,0,0,5561,19964,35964,35997,35999,36005,35992,36006,36002,35996,35999,36004,36003,16364,0,0,0,0,0,0
2004-03-27,59,202,454861,0,0,0,0,0,0,0,0,0,0,1,1,0,0,1,1,55,0,0,0,0,0,0,0,0,0,0,0,1,1,0,1,1,1,1,1,1,1,1,1,190,1,0,0,0,0,0,0,0,0,0,0,7182,36004,35999,35996,36003,35996,36000,36006,36002,35994,35999,36006,35992,15682,0,0,0,0,0,0
2004-03-28,48,165,458281,0,0,0,0,0,0,4,1,1,2,1,0,0,0,1,1,36,1,0,0,0,0,0,0,0,0,0,0,1,0,5,1,2,4,1,0,3,0,1,1,145,1,0,0,0,0,0,0,0,0,0,0,8946,36005,35994,36000,36005,36001,35994,36000,36005,36001,35996,36002,35995,17337,0,0,0,0,0,0
2004-03-29,145,349,458281,0,0,0,0,0,0,0,2,0,1,1,0,1,1,0,12,126,1,0,0,0,0,0,0,0,0,0,0,1,0,3,2,1,2,2,1,14,3,1,22,296,1,0,0,0,0,0,0,0,0,0,0,8946,35995,36004,36002,35996,36001,36004,35999,35995,36001,36004,36001,35996,17337,0,0,0,0,0,0
2004-03-30,471,965,461701,0,0,0,0,0,6,0,8,0,13,2,1,10,367,1,1,62,0,0,0,0,0,0,0,0,0,0,0,1,22,2,31,1,53,2,1,16,600,21,11,203,1,0,0,0,0,0,0,0,0,0,0,10710,35999,36005,35994,36000,35999,36000,36004,35996,36004,35998,36001,35995,18996,0,0,0,0,0,0
2004-03-31,246,480,463411,0,0,0,0,1,2,0,0,0,0,0,1,0,1,2,3,235,1,0,0,0,0,0,0,0,0,0,0,1,25,4,0,0,0,6,4,2,3,8,8,418,1,0,0,0,0,0,0,0,0,0,0,10692,35999,36005,35996,36004,35993,36003,35998,36003,35996,35998,36006,35995,20723,0,0,0,0,0,0
2004-04-01,11,51,465121,0,0,0,0,0,2,0,0,0,0,1,0,0,1,1,1,4,1,0,0,0,0,0,0,0,0,0,0,1,11,0,1,1,0,1,1,1,1,2,1,29,1,0,0,0,0,0,0,0,0,0,0,12474,36000,36003,35999,36003,36000,35993,36009,35994,36000,36004,36000,35993,20649,0,0,0,0,0,0
2004-04-02,15,45,471745,0,0,0,0,0,0,9,0,0,1,1,0,0,0,1,1,1,1,0,0,0,0,0,0,0,0,0,0,1,6,20,1,1,1,1,1,1,1,1,1,8,1,0,0,0,0,0,0,0,0,0,0,17370,36000,35995,36001,35998,36005,35996,36002,36004,35992,36003,36002,35996,22381,0,0,0,0,0,0
2004-04-03,7,16,468541,0,0,0,0,0,0,0,0,0,1,1,1,1,0,1,1,1,0,0,0,0,0,0,0,0,0,0,0,0,4,0,1,1,1,2,1,1,1,1,1,1,1,0,0,0,0,0,0,0,0,0,0,14237,36002,36004,36000,35994,36001,36002,36002,35994,36002,36004,36000,35993,22306,0,0,0,0,0,0
2004-04-04,6,23,475201,0,0,0,0,1,0,0,0,1,1,1,1,0,0,0,0,0,1,0,0,0,0,0,0,0,0,0,0,1,9,0,1,1,1,1,1,1,0,1,1,4,1,0,0,0,0,0,0,0,0,0,0,19171,36000,36005,35999,36004,36000,35993,36000,36003,36001,35994,36001,36004,24026,0,0,0,0,0,0
2004-04-05,29,72,481897,0,0,0,0,0,21,0,0,0,1,6,1,0,0,0,0,0,0,0,0,0,0,0,0,0,0,0,0,1,49,1,1,1,4,8,1,1,1,1,1,1,1,0,0,0,0,0,0,0,0,0,0,20972,36000,35994,36010,35993,36000,36003,35999,36003,35999,35994,36000,36003,28927,0,0,0,0,0,0
2004-04-06,91,161,421730,0,0,0,0,0,1,0,0,0,0,1,1,1,81,2,3,1,0,0,0,0,0,0,0,0,0,0,0,1,25,1,1,1,1,1,1,6,112,3,7,1,0,0,0,0,0,0,0,0,0,0,0,20972,36001,36005,36000,35994,35999,36005,36002,35998,36000,35996,36005,4753,0,0,0,0,0,0,0
2004-04-07,77,277,339816,0,0,0,0,0,0,0,0,0,0,62,10,1,1,1,1,1,0,0,0,0,0,0,0,0,0,0,0,0,0,0,0,1,1,209,59,1,1,1,1,2,1,0,0,0,0,0,0,0,0,0,0,0,0,0,0,24062,35998,35999,36005,35997,36006,35991,36001,35998,27759,0,0,0,0,0,0
2004-04-08,71,147,482113,0,0,0,0,0,0,1,1,1,9,54,1,1,0,1,0,1,1,0,0,0,0,0,0,0,0,0,0,1,9,1,1,1,22,105,1,1,1,1,1,1,1,0,0,0,0,0,0,0,0,0,0,22774,35999,36005,35999,35996,36000,35996,36002,35998,36000,36006,35999,35997,27342,0,0,0,0,0,0
2004-04-09,12,20,488881,0,0,0,0,1,0,1,1,0,3,0,0,1,1,1,1,1,1,0,0,0,0,0,0,0,0,0,0,1,3,1,1,1,5,1,1,1,1,1,1,1,1,0,0,0,0,0,0,0,0,0,0,24577,36000,35997,35998,36006,36001,35997,35999,35996,36001,36006,35999,35995,32309,0,0,0,0,0,0
2004-04-10,10,18,490627,0,0,0,0,0,0,1,1,1,1,1,1,1,0,1,1,0,1,0,0,0,0,0,0,0,0,0,0,1,4,1,1,1,1,1,1,1,1,1,1,1,2,0,0,0,0,0,0,0,0,0,0,24575,36000,36007,35998,35995,36000,36006,35998,35996,36000,36006,35990,36006,34050,0,0,0,0,0,0
2004-04-11,6,15,492373,0,0,0,0,0,0,0,1,1,0,0,1,1,1,0,0,0,1,0,0,0,0,0,0,0,0,0,0,1,1,1,1,1,1,1,1,1,1,1,2,1,1,0,0,0,0,0,0,0,0,0,0,26366,36001,35996,36009,35996,36001,35996,35999,36008,35991,36007,36001,35995,34007,0,0,0,0,0,0
2004-04-12,15,45,494119,0,0,0,0,0,1,1,1,1,2,1,0,3,0,2,1,1,1,0,0,0,0,0,0,0,0,0,0,0,8,1,1,1,5,4,4,13,1,4,1,1,1,0,0,0,0,0,0,0,0,0,0,26377,35998,35998,35999,36008,36000,35996,36000,35998,36001,35996,36000,36007,35741,0,0,0,0,0,0
2004-04-13,9,18,495865,0,0,0,0,0,0,1,1,1,2,0,0,1,1,0,1,1,0,0,0,0,0,0,0,0,0,0,0,1,3,1,1,1,3,1,1,1,1,1,1,1,1,0,0,0,0,0,0,0,0,0,0,28178,36000,35997,36001,35996,36003,36000,35998,35996,36009,35998,36000,35996,35693,0,0,0,0,0,0
2004-04-14,10,13,497611,0,0,0,0,0,0,0,1,1,0,1,1,1,1,1,0,1,1,1,0,0,0,0,0,0,0,0,0,0,0,1,1,1,1,1,1,1,1,1,1,1,1,1,0,0,0,0,0,0,0,0,0,28177,36002,35995,36000,35997,36010,35995,36000,35995,36009,35997,35999,35997,36000,1438,0,0,0,0,0
2004-04-15,27,95,499260,0,0,0,0,0,0,4,0,1,3,1,2,0,1,0,3,10,1,1,0,0,0,0,0,0,0,0,0,1,2,7,4,3,10,2,8,2,5,4,15,30,1,1,0,0,0,0,0,0,0,0,0,29970,36000,35998,35999,35999,36000,35999,36001,35997,36003,35997,36002,35997,36000,1298,0,0,0,0,0
2004-04-16,10,34,501103,0,0,0,0,0,2,1,1,0,1,2,0,0,1,0,1,0,0,1,0,0,0,0,0,0,0,0,0,0,13,5,1,1,1,5,1,1,1,1,1,1,1,1,0,0,0,0,0,0,0,0,0,29972,35999,35998,36001,35998,36001,35996,36000,36007,35991,36007,35994,36001,36002,3136,0,0,0,0,0
2004-04-17,9,22,502849,0,0,0,0,0,0,0,0,1,1,1,0,1,1,1,1,1,1,0,0,0,0,0,0,0,0,0,0,1,0,1,2,4,2,1,1,1,1,1,4,1,1,1,0,0,0,0,0,0,0,0,0,31771,36000,35999,36002,35996,36000,36006,36001,35995,36001,35999,36001,35998,36004,3076,0,0,0,0,0
2004-04-18,14,45,504498,0,0,0,0,0,0,1,1,0,1,0,0,2,1,2,3,1,2,0,0,0,0,0,0,0,0,0,0,1,1,1,3,1,1,1,3,6,1,5,15,2,3,1,0,0,0,0,0,0,0,0,0,33572,35992,36008,36001,35996,36000,35996,36001,36006,35998,35995,36001,36006,36000,2926,0,0,0,0,0
2004-04-19,10,14,506341,0,0,0,0,0,0,1,1,0,1,0,1,1,1,1,0,1,1,1,0,0,0,0,0,0,0,0,0,0,0,1,1,1,1,1,1,1,1,1,1,2,1,1,0,0,0,0,0,0,0,0,0,33572,36000,35999,36002,35998,36001,35998,36001,35999,36002,35997,36002,35997,36002,4771,0,0,0,0,0
2004-04-20,7,15,508087,0,0,0,0,0,0,0,1,1,1,0,0,1,1,1,1,0,0,0,0,0,0,0,0,0,0,0,0,0,0,1,1,2,1,0,1,1,1,1,1,1,3,1,0,0,0,0,0,0,0,0,0,35374,35999,35997,36000,35996,36000,36005,36002,35996,36000,35996,36001,35999,36002,4720,0,0,0,0,0
2004-04-21,17,49,511579,0,0,0,1,0,0,1,0,4,1,1,1,0,0,2,1,2,2,1,0,0,0,0,0,0,0,0,1,1,0,1,1,5,1,1,1,1,1,3,2,7,22,1,0,0,0,0,0,0,0,0,1170,35997,36000,35999,36001,35997,36005,35996,36003,36000,36005,35996,36002,35997,35995,6416,0,0,0,0,0
2004-04-23,12,24,518617,0,0,0,1,0,1,1,1,0,1,1,1,1,0,1,0,1,1,1,0,0,0,0,0,0,0,0,1,0,4,1,3,0,1,3,1,2,3,1,1,1,1,1,0,0,0,0,0,0,0,0,2970,35996,36010,35996,36001,35996,36001,35996,36004,35995,36001,36005,36001,35998,36002,11645,0,0,0,0,0
2004-04-24,7,17,516817,0,0,0,1,0,0,1,1,0,1,0,0,0,0,1,1,0,1,0,0,0,0,0,0,0,0,0,1,1,1,1,1,1,1,2,1,1,1,1,1,1,1,1,0,0,0,0,0,0,0,0,4770,36008,36000,35997,36002,35996,36002,35996,36000,36005,36001,35997,36001,35998,36003,8041,0,0,0,0,0
2004-04-25,11,29,522145,0,0,0,1,0,0,1,1,1,0,1,1,1,0,1,0,1,1,1,0,0,0,0,0,0,0,0,1,1,0,1,4,10,2,1,1,1,1,1,1,1,2,1,0,0,0,0,0,0,0,0,4780,35999,36000,35999,36001,35996,36001,35995,36001,36006,36000,35996,35999,36006,35991,13375,0,0,0,0,0
2004-04-26,8,15,523909,0,0,0,1,0,0,0,1,0,1,1,1,1,0,0,1,0,1,0,0,0,0,0,0,0,0,0,1,1,0,1,1,1,1,1,1,1,1,1,1,1,1,1,0,0,0,0,0,0,0,0,6570,35999,36000,35998,36001,36007,36000,35998,36002,36000,36001,35999,36001,35996,36001,13336,0,0,0,0,0
2004-04-27,11,19,525673,0,0,0,1,0,0,1,0,1,1,0,0,2,0,1,1,1,1,1,0,0,0,0,0,0,0,0,1,1,0,1,1,5,1,1,1,2,0,1,1,1,1,1,0,0,0,0,0,0,0,0,6580,36001,35992,36008,35999,35997,35998,36002,35996,36002,36005,35994,36005,35993,36002,15099,0,0,0,0,0
2004-04-28,500,816,527437,0,0,0,0,0,0,0,1,1,0,0,0,495,0,1,1,1,0,0,0,0,0,0,0,0,0,0,2,1,1,1,1,1,1,1,2,799,1,1,1,1,1,1,0,0,0,0,0,0,0,0,8370,36004,36002,36000,35992,36002,36007,35999,35994,36002,35996,36008,35992,36009,35993,15067,0,0,0,0,0
2004-04-29,9,16,529201,0,0,0,0,0,0,1,0,1,0,1,1,1,1,0,1,1,1,0,0,0,0,0,0,0,0,0,1,1,1,1,1,1,1,1,1,1,1,1,1,1,1,1,0,0,0,0,0,0,0,0,10170,36004,36002,35998,35997,36007,35994,36001,36001,35998,36003,35999,36001,35999,36001,15026,0,0,0,0,0
2004-04-30,9,23,530867,0,0,0,0,0,1,1,1,1,0,0,0,0,1,0,1,1,1,1,0,0,0,0,0,0,0,0,1,1,2,1,1,1,1,1,1,1,1,1,1,7,1,1,0,0,0,0,0,0,0,0,10170,35993,36009,35991,36001,36007,35992,36007,36000,35999,36000,35999,36001,36000,36001,16697,0,0,0,0,0
2004-05-01,4,22,532729,0,0,0,0,0,1,0,1,0,0,0,1,0,0,0,1,0,0,0,0,0,0,0,0,0,0,0,0,1,1,1,1,1,1,1,1,1,1,2,2,2,5,1,0,0,0,0,0,0,0,0,11970,36007,36000,35999,35999,35999,36001,35999,36001,35999,35999,36000,36001,35999,36000,16756,0,0,0,0,0
2004-05-02,3,13,442667,0,0,0,0,0,0,0,0,0,0,1,0,0,0,1,0,0,0,1,0,0,0,0,0,0,0,0,1,0,1,0,1,1,1,1,1,0,1,1,1,1,1,1,0,0,0,0,0,0,0,0,11970,36005,1858,0,14320,35994,36003,36004,36001,35990,36002,35998,36004,35997,36002,18519,0,0,0,0,0
2004-05-03,17,41,534493,0,0,0,0,0,1,1,0,0,0,0,0,1,0,5,7,1,0,1,0,0,0,0,0,0,0,0,1,1,1,3,1,1,1,1,1,1,1,12,12,1,2,1,0,0,0,0,0,0,0,0,11970,36004,36000,35999,36001,36000,35998,35996,36002,36008,36000,35997,35994,36007,35991,18526,0,0,0,0,0
2004-05-04,8,17,534493,0,0,0,0,0,0,1,1,1,1,0,1,1,0,0,1,1,0,0,0,0,0,0,0,0,0,0,1,1,1,1,1,1,1,1,1,1,1,1,1,1,2,1,0,0,0,0,0,0,0,0,11980,35993,36000,35998,36001,36008,35999,36000,36000,35999,35992,36009,35991,36009,35999,18515,0,0,0,0,0
2004-05-05,5,29,541729,0,0,0,0,0,0,0,0,0,0,1,0,0,2,0,0,2,0,0,0,0,0,0,0,0,0,0,1,1,1,1,1,1,1,1,1,3,10,1,2,2,1,1,0,0,0,0,0,0,0,0,13770,36004,35999,35999,36004,35995,36003,35995,36001,35998,36002,35998,36003,35999,36001,23958,0,0,0,0,0
2004-05-06,230,369,538021,0,0,0,0,0,1,0,0,1,0,1,1,1,36,42,30,29,72,16,0,0,0,0,0,0,0,0,1,1,2,1,1,1,2,1,1,1,61,71,49,51,102,23,0,0,0,0,0,0,0,0,13770,36006,36000,35998,36001,35997,36001,36001,36001,35997,36000,35997,36002,35999,36000,20251,0,0,0,0,0
2004-05-07,8,19,543412,0,0,0,1,0,1,0,0,1,0,0,1,0,0,1,1,0,1,1,0,0,0,0,0,0,0,0,1,1,2,1,1,1,1,2,1,1,1,2,1,1,1,1,0,0,0,0,0,0,0,0,13770,35997,36000,35999,36001,36000,36000,35999,36002,35998,35999,35998,36000,36007,36000,25642,0,0,0,0,0
2004-05-08,9,19,543511,0,0,0,0,0,1,1,1,0,1,0,1,0,1,1,0,1,1,0,0,0,0,0,0,0,0,0,2,2,1,1,1,1,1,2,1,1,1,1,1,1,1,1,0,0,0,0,0,0,0,0,13780,35994,36002,35999,36000,36008,35999,35999,35992,36007,36001,35999,36000,35998,36001,25732,0,0,0,0,0
2004-05-09,8,16,545293,0,0,0,0,0,1,1,1,0,1,1,0,0,1,1,1,0,0,0,0,0,0,0,0,0,0,0,0,1,1,1,1,1,1,1,1,1,1,2,1,1,1,1,0,0,0,0,0,0,0,0,13770,36004,36000,35998,36001,35998,36000,36007,35991,36009,35999,35991,36009,35999,35999,27518,0,0,0,0,0
2004-05-10,90,185,547075,0,0,0,0,0,1,2,1,2,0,2,0,0,0,1,2,17,21,41,0,0,0,0,0,0,0,0,0,2,2,2,2,8,3,2,1,2,1,1,3,38,59,59,0,0,0,0,0,0,0,0,15580,35999,36001,35999,36001,36000,36000,35998,35999,35999,36000,35997,36000,36001,36000,27501,0,0,0,0,0
2004-05-11,285,540,547075,0,0,0,0,0,1,1,1,1,1,1,9,118,49,38,30,26,4,5,0,0,0,0,0,0,0,0,1,1,1,1,1,1,1,1,22,206,81,69,67,55,15,17,0,0,0,0,0,0,0,0,15580,35998,36002,36001,35991,36009,35991,36009,35991,36009,35990,36010,35992,36000,36001,27501,0,0,0,0,0
2004-05-12,4,15,547075,0,0,0,1,0,0,0,1,0,0,0,0,0,0,1,0,0,1,0,0,0,0,0,0,0,0,0,1,1,1,1,1,1,1,1,0,1,1,1,1,1,1,1,0,0,0,0,0,0,0,0,15570,36001,36003,36002,36002,35999,35999,35997,36000,36002,36001,36002,36000,36000,35990,27507,0,0,0,0,0
2004-05-13,12,17,548857,0,0,0,0,0,1,0,1,1,1,0,2,1,1,1,1,1,1,0,0,0,0,0,0,0,0,0,1,1,1,1,1,1,1,1,2,1,1,1,1,1,1,1,0,0,0,0,0,0,0,0,15570,35999,36000,36001,36002,35998,35999,35998,35999,36000,36002,35998,35999,35999,36001,29292,0,0,0,0,0
2004-05-14,6,17,548857,0,0,0,1,0,0,0,0,1,1,0,1,0,0,0,1,1,0,0,0,0,0,0,0,0,0,0,1,1,1,1,1,1,1,1,2,1,1,1,1,1,1,1,0,0,0,0,0,0,0,0,15570,36006,36000,35999,36000,35999,35999,35996,36001,36007,35992,36002,36001,35997,36002,29286,0,0,0,0,0
2004-05-15,8,17,550639,0,0,0,1,1,1,0,0,1,0,0,0,1,1,1,0,0,1,0,0,0,0,0,0,0,0,0,1,1,1,1,1,1,1,2,1,1,1,1,1,1,1,1,0,0,0,0,0,0,0,0,17370,36001,36002,36000,36003,36000,36000,35999,36000,35999,36001,35998,36002,35993,36003,29268,0,0,0,0,0
2004-05-16,7,16,550639,0,0,0,1,0,0,0,0,1,0,0,1,0,0,1,1,1,1,0,0,0,0,0,0,0,0,0,1,1,1,1,1,1,1,1,1,1,1,1,1,1,1,1,0,0,0,0,0,0,0,0,17370,36000,35999,36001,36000,35998,36000,36007,35999,35997,36002,36000,35999,36000,36001,29266,0,0,0,0,0
2004-05-17,6,19,552421,0,0,0,1,0,0,1,0,0,0,0,1,1,0,0,1,1,0,0,0,0,0,0,0,0,0,0,1,1,1,1,1,1,1,2,3,1,1,1,1,1,1,1,0,0,0,0,0,0,0,0,17370,36000,36001,35997,36000,35998,36000,36008,35992,36008,35992,35999,36001,35999,35999,31057,0,0,0,0,0
2004-05-18,6,17,552421,0,0,0,1,1,1,0,1,0,0,0,0,1,0,0,0,1,0,0,0,0,0,0,0,0,0,0,1,1,1,1,1,1,1,2,1,1,1,1,1,1,1,1,0,0,0,0,0,0,0,0,17370,36001,36000,35998,36000,35998,36000,36000,36000,35996,36001,36006,36001,35998,35999,31053,0,0,0,0,0
2004-05-21,12,20,559804,0,0,0,1,1,0,1,1,1,0,0,2,0,1,0,1,1,1,0,1,0,0,0,0,0,0,0,1,1,1,1,1,1,1,2,3,1,1,1,1,1,1,1,1,0,0,0,0,0,0,0,17370,35999,35999,35999,36002,35999,36000,35998,36001,35997,36000,36008,35993,36003,36001,35996,2439,0,0,0,0
2004-05-22,7,50,559806,0,0,0,0,1,0,1,1,0,0,0,3,0,0,0,0,1,0,0,0,0,0,0,0,0,0,0,1,1,1,1,1,1,1,8,25,1,1,1,1,1,3,1,1,0,0,0,0,0,0,0,17370,35999,36000,36009,36000,35998,36000,35998,36001,35998,36001,35998,36000,35998,36002,35997,2437,0,0,0,0
2004-06-30,8,21,568805,0,0,0,0,0,1,0,0,1,1,1,0,0,1,0,0,1,1,0,1,0,0,0,0,0,0,0,0,0,1,1,2,1,1,1,1,1,1,1,1,1,1,6,1,0,0,0,0,0,0,0,17380,36000,35999,35997,35999,36004,36000,35994,36002,35996,36005,35997,36002,35996,36004,35996,11434,0,0,0,0
2004-07-01,152,281,568806,0,0,0,0,0,1,1,1,1,1,0,0,1,52,86,6,1,1,0,0,0,0,0,0,0,0,0,0,0,1,1,1,1,1,1,1,3,109,147,10,1,1,2,1,0,0,0,0,0,0,0,17380,36000,36000,35995,36003,35995,36003,35995,36002,36004,35993,36008,35991,36005,36000,35996,11436,0,0,0,0
2004-07-02,9,17,568800,0,0,0,0,0,1,0,1,1,0,1,1,1,1,0,0,0,0,1,1,0,0,0,0,0,0,0,0,0,1,1,1,1,1,1,1,1,1,1,1,2,1,2,1,0,0,0,0,0,0,0,17370,36002,36001,35997,36001,35995,36002,35998,36003,36006,35992,36006,35993,36006,35995,36007,11426,0,0,0,0
2004-07-03,112,195,568799,0,0,0,0,0,1,0,0,0,1,1,1,8,29,66,2,1,1,1,0,0,0,0,0,0,0,0,0,0,1,1,1,4,5,3,1,23,58,86,5,1,1,4,1,0,0,0,0,0,0,0,17370,36002,36001,35997,36002,35996,36001,35995,36004,35996,36004,35996,36003,35997,36003,35997,11435,0,0,0,0
2004-07-04,8,19,567008,0,0,0,0,0,0,1,0,0,1,0,1,1,0,1,1,0,1,1,0,0,0,0,0,0,0,0,0,1,1,1,0,1,1,1,1,3,1,1,1,1,1,3,1,0,0,0,0,0,0,0,17380,36000,35992,36007,35995,36006,35993,35998,36002,35997,36003,35997,36002,36001,36002,35998,9635,0,0,0,0
2004-07-05,20,41,567003,0,0,0,0,0,1,1,1,0,0,0,0,1,2,0,10,1,1,1,1,0,0,0,0,0,0,0,0,0,2,1,1,1,1,1,2,4,4,1,17,3,1,1,1,0,0,0,0,0,0,0,17370,36002,36002,35997,36003,35997,36002,35997,36003,35997,36003,35997,36004,35997,36002,35997,9633,0,0,0,0
2004-07-06,15,22,567002,0,0,0,0,0,1,0,2,1,1,1,1,0,1,1,3,0,1,1,1,0,0,0,0,0,0,0,0,0,1,1,2,1,1,1,4,2,1,1,3,1,1,1,1,0,0,0,0,0,0,0,17370,35993,36003,35997,36003,35998,36002,35998,36002,35998,36004,35997,36002,36000,35995,36006,9634,0,0,0,0
2004-07-07,8,16,495007,0,0,0,0,0,1,1,1,1,1,0,0,0,0,0,0,1,0,1,1,0,0,0,0,0,0,0,0,0,1,1,1,1,1,1,1,1,2,1,0,1,2,1,1,0,0,0,0,0,0,0,17370,36001,36003,35997,36004,35996,36002,35999,36002,35997,36003,37,2,35959,36003,35997,9635,0,0,0,0
2004-07-08,431,690,567007,0,0,0,0,0,1,1,1,1,6,5,6,2,37,310,27,1,1,12,20,0,0,0,0,0,0,0,0,0,1,2,1,1,17,11,9,12,81,436,48,2,1,32,36,0,0,0,0,0,0,0,17370,36003,36003,35997,36003,35996,36003,35997,36002,35999,36002,35997,36002,35997,36003,35998,9635,0,0,0,0
2004-07-09,10,16,565202,0,0,0,0,0,1,1,0,0,1,1,1,1,0,1,1,0,1,1,0,0,0,0,0,0,0,0,0,0,1,1,1,1,1,1,1,1,1,1,1,1,2,1,1,0,0,0,0,0,0,0,17370,36004,36002,35998,36003,35998,35994,36007,35994,35996,36003,35997,36005,35996,36005,35997,7833,0,0,0,0
2004-07-16,15,30,561606,0,0,0,0,0,0,0,1,3,1,1,0,0,1,2,1,2,2,1,0,0,0,0,0,0,0,0,0,0,1,1,2,5,2,1,1,4,2,2,3,2,2,1,1,0,0,0,0,0,0,0,17370,36004,35994,36000,36003,35999,36004,35997,35994,35999,36003,36000,36006,35999,35993,35999,4242,0,0,0,0
2004-08-04,12,24,549009,0,0,0,0,1,2,1,1,1,0,0,1,1,1,1,1,0,0,1,0,0,0,0,0,0,0,0,0,2,3,1,1,7,1,1,1,1,1,1,1,1,1,1,0,0,0,0,0,0,0,0,13780,35996,35997,36006,35999,35996,36001,36006,36000,35998,35996,36005,35991,36005,36000,31233,0,0,0,0,0
2004-08-06,9,14,508351,0,0,0,0,1,1,1,1,0,1,1,1,0,0,0,1,0,1,0,0,0,0,0,0,0,0,0,0,1,1,1,1,1,1,1,1,1,1,1,1,1,1,0,0,0,0,0,0,0,0,0,11970,36003,35999,35996,36000,36006,35993,36006,35999,35996,36000,36005,35999,35996,28383,0,0,0,0,0,0
2004-08-07,1,3,73795,0,0,0,0,0,0,0,0,0,0,0,0,0,0,0,0,0,0,1,0,0,0,0,0,0,0,0,0,0,0,0,0,0,0,0,0,0,0,0,0,1,1,1,0,0,0,0,0,0,0,0,0,0,0,0,0,0,0,0,0,0,0,0,0,9970,36000,27825,0,0,0,0,0
2004-08-11,1,2,58286,0,0,0,0,0,0,1,0,0,0,0,0,0,0,0,0,0,0,0,0,0,0,0,0,0,0,0,0,0,0,1,1,0,0,0,0,0,0,0,0,0,0,0,0,0,0,0,0,0,0,0,0,0,0,1180,36005,21101,0,0,0,0,0,0,0,0,0,0,0,0,0,0,0
2004-08-25,305,496,193444,0,0,0,0,0,0,0,0,0,0,0,0,0,0,0,0,1,303,1,0,0,0,0,0,0,0,0,0,0,0,0,0,0,0,0,0,0,0,0,0,1,494,1,0,0,0,0,0,0,0,0,0,0,0,0,0,0,0,0,9023,0,35965,35985,35992,36005,35995,4479,0,0,0,0,0
2004-08-26,690,1333,497611,0,0,0,0,0,5,250,5,115,1,1,0,10,3,1,4,2,292,1,0,0,0,0,0,0,0,0,0,0,54,392,14,319,1,1,2,14,4,3,14,5,509,1,0,0,0,0,0,0,0,0,0,29971,36002,35999,36002,36000,36002,36000,36003,35993,36001,36001,34238,36003,35999,1397,0,0,0,0,0
2004-08-27,209,463,495865,0,0,0,0,0,17,0,1,0,1,0,0,1,1,1,1,1,185,0,0,0,0,0,0,0,0,0,0,1,98,9,1,2,1,2,1,1,1,1,1,1,343,0,0,0,0,0,0,0,0,0,0,28178,36001,35998,36004,35997,36001,36003,36001,35999,35991,36008,35991,36007,35686,0,0,0,0,0,0
2004-08-28,145,355,495865,0,0,0,0,0,24,1,1,1,0,1,1,1,1,0,1,1,112,0,0,0,0,0,0,0,0,0,0,0,132,1,1,1,1,1,1,1,1,1,1,1,212,0,0,0,0,0,0,0,0,0,0,28177,36000,35998,36000,36006,36000,35996,36000,35997,36002,35995,36001,36005,35688,0,0,0,0,0,0
2004-08-29,208,511,492373,0,0,0,0,0,60,1,1,0,1,1,0,0,1,1,1,4,137,0,0,0,0,0,0,0,0,0,0,1,223,1,1,1,1,1,1,1,1,1,1,7,270,0,0,0,0,0,0,0,0,0,0,26375,36002,35996,35999,36006,36000,35995,36001,36006,35999,35996,36001,35996,34001,0,0,0,0,0,0
2004-08-30,152,417,492373,0,0,0,0,0,89,0,1,1,0,1,0,0,0,8,8,5,39,0,0,0,0,0,0,0,0,0,0,0,270,1,1,1,3,2,1,1,1,15,20,7,94,0,0,0,0,0,0,0,0,0,0,26376,36000,35999,36000,35998,36002,36000,35992,36008,35992,36009,35992,35998,34007,0,0,0,0,0,0
2004-08-31,165,394,488881,0,0,0,0,0,127,1,0,1,0,1,1,3,3,18,7,1,2,0,0,0,0,0,0,0,0,0,0,0,317,1,1,1,1,1,2,7,5,38,11,1,8,0,0,0,0,0,0,0,0,0,0,24575,35991,36008,35991,36009,35993,36007,35992,35999,36005,35996,36005,35999,32311,0,0,0,0,0,0
2004-09-01,280,533,488881,0,0,0,0,0,275,1,0,1,0,1,1,0,0,0,0,0,1,0,0,0,0,0,0,0,0,0,0,0,521,1,1,1,1,1,1,1,1,1,1,1,1,0,0,0,0,0,0,0,0,0,0,24566,36009,35997,35999,36002,36000,35992,36004,36002,35996,36001,35997,36000,32316,0,0,0,0,0,0
2004-09-02,511,854,485389,0,0,0,0,0,508,1,1,0,0,0,0,0,0,0,0,1,0,0,0,0,0,0,0,0,0,0,0,0,834,1,1,1,2,4,1,2,1,1,2,3,1,0,0,0,0,0,0,0,0,0,0,22774,36000,35998,36000,36001,36003,35998,36003,35999,36002,36000,36002,35999,30610,0,0,0,0,0,0
2004-09-03,594,1021,480385,0,0,0,0,0,587,1,0,1,0,1,0,0,1,0,1,1,1,0,0,0,0,0,0,0,0,0,0,0,995,1,1,1,1,1,1,1,1,1,1,15,1,0,0,0,0,0,0,0,0,0,0,22774,36001,35998,36004,35996,36001,35996,36002,35997,36002,35998,36000,35999,25617,0,0,0,0,0,0
2004-09-04,652,1001,476929,0,0,0,0,0,615,1,1,8,2,11,1,0,0,2,3,7,1,0,0,0,0,0,0,0,0,0,0,0,850,3,5,14,3,31,1,1,1,7,7,77,1,0,0,0,0,0,0,0,0,0,0,20972,35999,36006,36002,35996,36001,36004,35992,36005,35993,36005,36000,35995,23959,0,0,0,0,0,0
2004-09-05,908,1599,476833,0,0,0,0,0,843,1,1,1,1,1,1,1,0,1,1,56,0,0,0,0,0,0,0,0,0,0,0,0,1379,1,1,1,1,1,1,1,1,1,1,209,1,0,0,0,0,0,0,0,0,0,0,20970,35999,35997,36004,35996,36001,35997,36001,36005,35993,36009,35993,35999,23869,0,0,0,0,0,0
2004-09-06,1054,1808,473473,0,0,0,0,0,896,0,1,1,0,1,0,1,0,0,1,152,1,0,0,0,0,0,0,0,0,0,0,0,1411,1,1,1,1,1,1,1,1,1,1,386,1,0,0,0,0,0,0,0,0,0,0,19170,36000,36002,36002,36001,36000,35998,36002,35994,36003,36006,35991,36008,22296,0,0,0,0,0,0
2004-09-07,1445,2339,471649,0,0,0,0,0,1098,1,1,1,0,1,1,0,1,1,0,340,0,0,0,0,0,0,0,0,0,0,0,1,1738,1,1,1,1,1,2,3,1,1,2,585,1,0,0,0,0,0,0,0,0,0,0,17370,36002,35995,36002,35998,36002,36000,36001,35998,36000,35998,36002,35995,22286,0,0,0,0,0,0
2004-09-08,1558,2375,470017,0,0,0,0,0,962,0,1,0,3,2,1,0,1,0,2,585,1,0,0,0,0,0,0,0,0,0,0,0,1448,3,10,10,10,8,11,3,3,5,2,861,1,0,0,0,0,0,0,0,0,0,0,17380,36000,35997,36000,35996,36001,35997,36001,36002,36000,36002,36000,36001,20640,0,0,0,0,0,0
2004-09-09,2024,3166,468289,0,0,0,0,0,1294,1,1,1,0,1,0,2,0,1,0,723,0,0,0,0,0,0,0,0,0,0,0,1,2052,2,1,3,1,1,1,2,1,1,1,1098,1,0,0,0,0,0,0,0,0,0,0,15570,35998,35999,36001,36001,36005,36000,36001,35991,36000,36000,36002,36002,20719,0,0,0,0,0,0
2004-09-10,1690,2581,466561,0,0,0,0,0,1159,0,0,1,0,1,1,0,1,1,0,526,0,0,0,0,0,0,0,0,0,0,0,0,1807,1,1,1,1,1,2,1,3,1,1,760,1,0,0,0,0,0,0,0,0,0,0,15570,36008,35999,36000,35992,36010,36000,35991,36001,36001,36000,36000,36002,18987,0,0,0,0,0,0
2004-09-11,1488,2372,459991,0,0,0,0,0,948,1,2,0,0,1,1,1,0,1,1,530,2,0,0,0,0,0,0,0,0,0,0,1,1544,2,8,1,1,1,1,1,1,1,1,804,5,0,0,0,0,0,0,0,0,0,0,13780,35997,36000,36000,36003,36001,35990,36003,36002,36001,36002,35992,36002,14218,0,0,0,0,0,0
2004-09-12,1355,1981,458281,0,0,0,0,0,850,1,1,1,1,0,0,1,0,1,6,493,0,0,0,0,0,0,0,0,0,0,0,1,1362,1,1,2,2,1,2,1,2,1,13,591,1,0,0,0,0,0,0,0,0,0,0,13770,36006,35994,36003,36001,36001,36003,35993,36003,35997,36006,36001,35995,12508,0,0,0,0,0,0
2004-09-13,1519,2555,456571,0,0,0,0,0,784,2,1,0,0,1,0,0,1,1,0,729,0,0,0,0,0,0,0,0,0,0,0,1,1283,2,4,1,4,1,1,3,2,4,3,1245,1,0,0,0,0,0,0,0,0,0,0,11970,36004,36001,36001,35990,36001,36001,36003,36002,36002,35992,36002,36002,12600,0,0,0,0,0,0
2004-09-14,1848,2806,454861,0,0,0,0,1,797,1,0,3,495,1,0,0,0,0,0,550,0,0,0,0,0,0,0,0,0,0,0,1,1233,1,1,4,694,3,1,2,1,1,1,862,1,0,0,0,0,0,0,0,0,0,0,11970,35995,36008,36002,35994,36002,36002,36000,35991,36010,35991,36002,36003,10891,0,0,0,0,0,0
2004-09-15,1260,1985,453151,0,0,0,0,0,712,0,0,0,1,0,0,1,0,3,0,543,0,0,0,0,0,0,0,0,0,0,0,1,1126,1,1,1,5,2,2,1,0,5,2,837,1,0,0,0,0,0,0,0,0,0,0,10180,35996,36003,35997,35997,36005,35993,36002,36003,35998,36000,36004,35994,10979,0,0,0,0,0,0
2004-09-16,983,1514,451441,0,0,0,0,0,659,1,1,0,0,1,1,2,0,1,0,317,0,0,0,0,0,0,0,0,0,0,0,1,1038,1,2,2,2,6,3,2,1,3,0,452,1,0,0,0,0,0,0,0,0,0,0,10170,36004,36001,36001,35991,36004,36003,36002,35989,36003,36004,36000,36003,9266,0,0,0,0,0,0
2004-09-17,538,945,449731,0,0,0,0,1,472,0,1,1,1,1,0,0,0,1,1,59,0,0,0,0,0,0,0,0,0,0,0,1,786,4,1,1,1,2,0,2,3,1,1,141,1,0,0,0,0,0,0,0,0,0,0,8380,35992,35999,36001,36002,36000,36001,36002,35994,36000,36002,36002,36001,9355,0,0,0,0,0,0
2004-09-18,235,362,394251,0,0,0,0,0,228,0,4,1,0,1,0,0,0,1,0,0,0,0,0,0,0,0,0,0,0,0,0,1,319,13,16,4,2,1,1,1,1,1,1,0,1,0,0,0,0,0,0,0,0,0,0,8370,36002,36000,36002,36000,36001,36004,35997,35995,36004,35995,18035,0,7846,0,0,0,0,0,0
2004-09-19,255,469,444601,0,0,0,0,1,151,1,1,0,0,0,1,0,0,1,0,99,0,0,0,0,0,0,0,0,0,0,0,1,259,1,1,1,1,0,1,1,1,2,1,198,1,0,0,0,0,0,0,0,0,0,0,6570,36002,35999,36001,36002,36002,35998,36002,36000,35999,36000,35993,36000,6033,0,0,0,0,0,0
2004-09-20,131,272,438229,0,0,0,0,0,72,0,1,1,0,0,0,0,0,1,1,55,0,0,0,0,0,0,0,0,0,0,0,1,142,2,1,1,1,1,0,2,2,4,1,113,1,0,0,0,0,0,0,0,0,0,0,4770,36008,35999,35991,36001,36001,36000,36004,35994,36001,36001,36004,36003,1452,0,0,0,0,0,0
2004-09-21,167,341,441181,0,0,0,0,1,77,0,1,0,0,3,4,1,0,1,0,79,0,0,0,0,0,0,0,0,0,0,0,1,138,2,2,5,0,14,8,5,4,8,2,151,1,0,0,0,0,0,0,0,0,0,0,4780,35997,36000,36001,36001,36000,35992,36002,36002,36000,36002,36002,35992,4410,0,0,0,0,0,0
2004-09-22,143,286,437761,0,0,0,0,1,103,0,1,0,1,1,7,0,0,0,1,28,0,0,0,0,0,0,0,0,0,0,0,1,176,0,1,1,1,4,27,1,2,1,1,69,1,0,0,0,0,0,0,0,0,0,0,2980,35998,36002,35999,36000,36003,36000,35993,36000,36002,36001,36001,35998,2784,0,0,0,0,0,0
2004-09-23,64,141,434341,0,0,0,0,1,50,0,1,1,0,2,1,1,0,0,0,7,0,0,0,0,0,0,0,0,0,0,0,1,97,1,1,1,1,7,1,1,1,1,1,26,1,0,0,0,0,0,0,0,0,0,0,1170,36005,35998,36001,36001,35992,36003,36001,36001,36001,35993,36002,36002,1171,0,0,0,0,0,0
2004-09-24,15,84,428077,0,0,0,0,0,11,0,0,0,0,1,1,0,0,0,1,1,0,0,0,0,0,0,0,0,0,0,0,0,53,0,1,1,1,7,8,3,1,1,1,7,0,0,0,0,0,0,0,0,0,0,0,0,35374,35999,35997,36003,36002,35993,36002,36002,36001,36002,35993,32709,0,0,0,0,0,0,0
2004-09-25,9,30,424599,0,0,0,0,0,4,0,1,1,0,1,1,0,0,0,1,0,0,0,0,0,0,0,0,0,0,0,0,0,19,0,1,1,1,1,1,1,1,2,1,1,0,0,0,0,0,0,0,0,0,0,0,0,33572,36000,35993,35999,36006,35998,36000,36002,35999,36002,35999,31029,0,0,0,0,0,0,0
2004-09-26,7,19,423001,0,0,0,0,0,2,0,0,0,1,0,1,1,0,1,0,1,0,0,0,0,0,0,0,0,0,0,0,0,9,0,1,1,1,1,1,1,1,1,1,1,0,0,0,0,0,0,0,0,0,0,0,0,33572,35999,36002,36004,35999,36001,36002,35990,36000,36002,36000,29430,0,0,0,0,0,0,0
2004-09-27,6,32,419617,0,0,0,0,0,0,0,1,0,0,1,0,1,1,1,1,0,0,0,0,0,0,0,0,0,0,0,0,0,2,0,1,1,1,2,1,1,1,1,20,1,0,0,0,0,0,0,0,0,0,0,0,0,31771,35999,36000,36002,35997,36001,35997,36006,35999,35997,36004,27844,0,0,0,0,0,0,0
2004-09-28,17,102,416233,0,0,0,0,0,0,0,1,0,1,0,0,0,1,1,12,1,0,0,0,0,0,0,0,0,0,0,0,0,1,3,1,1,2,1,1,1,1,1,88,1,0,0,0,0,0,0,0,0,0,0,0,0,29971,36007,35993,36005,35999,35993,36002,36002,36004,35999,35992,26266,0,0,0,0,0,0,0
2004-09-29,71,284,414541,0,0,0,0,0,0,0,0,0,1,0,0,0,0,1,68,1,0,0,0,0,0,0,0,0,0,0,0,0,1,8,1,1,1,0,2,1,1,1,266,1,0,0,0,0,0,0,0,0,0,0,0,0,28168,35999,36000,36002,36000,36002,36002,35999,36003,36000,36000,26366,0,0,0,0,0,0,0
2004-09-30,204,496,411063,0,0,0,0,0,0,5,1,0,0,1,0,0,0,1,196,0,0,0,0,0,0,0,0,0,0,0,0,0,0,46,2,1,1,1,1,1,5,6,431,1,0,0,0,0,0,0,0,0,0,0,0,0,26367,36008,35990,36004,36001,36000,36003,35993,36001,36002,36002,24692,0,0,0,0,0,0,0
2004-10-01,323,679,409465,0,0,0,0,0,0,25,1,1,0,1,0,0,0,1,293,1,0,0,0,0,0,0,0,0,0,0,0,0,1,105,1,1,1,1,1,1,1,1,564,1,0,0,0,0,0,0,0,0,0,0,0,0,26377,35998,36001,36000,35993,36002,36002,36001,36001,36001,36000,23089,0,0,0,0,0,0,0
2004-10-02,521,1011,406081,0,0,0,0,0,0,90,0,1,0,1,1,1,0,0,426,1,0,0,0,0,0,0,0,0,0,0,0,0,0,275,1,1,3,1,1,1,1,1,725,1,0,0,0,0,0,0,0,0,0,0,0,0,24574,35999,35993,36003,36002,35999,36003,36003,35992,36001,36001,21511,0,0,0,0,0,0,0
2004-10-03,676,1264,402697,0,0,0,0,0,0,248,1,1,0,0,0,0,0,1,425,0,0,0,0,0,0,0,0,0,0,0,0,0,0,497,1,1,1,1,3,1,1,1,756,1,0,0,0,0,0,0,0,0,0,0,0,0,22773,35995,36006,35999,36004,35992,36001,36002,36001,36004,35995,19925,0,0,0,0,0,0,0
2004-10-04,782,1346,401005,0,0,0,0,0,0,343,1,1,2,1,1,0,0,1,431,1,0,0,0,0,0,0,0,0,0,0,0,0,1,593,3,1,5,2,1,1,1,1,736,1,0,0,0,0,0,0,0,0,0,0,0,0,20972,35997,36001,36004,36001,35992,36004,36003,36001,35993,36002,20035,0,0,0,0,0,0,0
2004-10-05,401,797,397621,0,0,0,0,0,0,213,1,0,0,2,0,0,0,0,185,0,0,0,0,0,0,0,0,0,0,0,0,0,0,420,1,1,1,5,1,1,1,1,364,1,0,0,0,0,0,0,0,0,0,0,0,0,19180,36000,35995,36000,36003,35994,36001,36004,35998,36002,36003,18441,0,0,0,0,0,0,0
2004-10-06,500,900,395929,0,0,0,0,0,0,297,1,1,0,0,0,1,1,1,198,0,0,0,0,0,0,0,0,0,0,0,0,0,0,541,1,1,1,1,1,1,1,1,350,1,0,0,0,0,0,0,0,0,0,0,0,0,19174,35999,36001,35999,36003,36002,36001,36001,36001,35990,36001,16757,0,0,0,0,0,0,0
2004-10-07,485,898,392451,0,0,0,0,0,0,347,1,1,0,1,0,0,0,1,134,0,0,0,0,0,0,0,0,0,0,0,0,0,0,587,1,1,1,2,2,1,1,2,299,1,0,0,0,0,0,0,0,0,0,0,0,0,17370,35997,36000,35999,36003,35992,36001,36002,36000,36001,35999,15087,0,0,0,0,0,0,0
2004-10-08,563,934,389161,0,0,0,0,0,0,436,1,0,1,0,0,0,1,1,123,0,0,0,0,0,0,0,0,0,0,0,0,0,0,676,1,1,1,1,1,1,1,1,249,1,0,0,0,0,0,0,0,0,0,0,0,0,15570,36005,36001,35992,36001,36001,36003,36001,36001,35993,36001,13592,0,0,0,0,0,0,0
2004-10-09,571,879,387469,0,0,0,0,0,0,468,1,1,0,0,1,1,0,1,98,0,0,0,0,0,0,0,0,0,0,0,0,0,0,675,6,1,1,0,1,1,0,1,192,1,0,0,0,0,0,0,0,0,0,0,0,0,13770,36003,36001,36000,36000,36004,35992,36002,36002,36003,35998,13694,0,0,0,0,0,0,0
2004-10-10,501,847,385777,0,0,0,0,0,0,356,1,0,1,83,1,2,0,1,55,1,0,0,0,0,0,0,0,0,0,0,0,0,0,590,14,1,1,99,2,6,1,1,131,1,0,0,0,0,0,0,0,0,0,0,0,0,13770,36006,35992,36002,36000,36006,35997,36002,35994,36001,36001,12006,0,0,0,0,0,0,0
2004-10-11,411,707,382393,0,0,0,0,0,0,381,1,0,0,1,1,1,0,0,26,0,0,0,0,0,0,0,0,0,0,0,0,0,1,614,9,1,0,2,2,1,1,1,74,1,0,0,0,0,0,0,0,0,0,0,0,0,11970,36003,35993,36003,36002,36001,35996,36005,35999,35995,36001,10425,0,0,0,0,0,0,0
2004-10-12,673,1109,379009,0,0,0,0,0,0,616,6,4,2,1,1,0,0,1,41,1,0,0,0,0,0,0,0,0,0,0,0,0,0,963,35,10,6,2,1,1,1,1,88,1,0,0,0,0,0,0,0,0,0,0,0,0,10180,36000,36002,36001,35991,36000,36001,36000,35999,36004,36000,8831,0,0,0,0,0,0,0
2004-10-13,284,490,377317,0,0,0,0,0,0,272,0,2,3,1,1,1,1,1,1,1,0,0,0,0,0,0,0,0,0,0,0,0,1,450,6,4,12,1,1,2,1,1,10,1,0,0,0,0,0,0,0,0,0,0,0,0,8370,36008,35993,36001,36003,35999,36000,36002,36002,36000,35991,8948,0,0,0,0,0,0,0
2004-10-14,177,305,375625,0,0,0,0,0,0,172,2,0,0,0,1,0,0,1,1,0,0,0,0,0,0,0,0,0,0,0,0,0,0,268,25,1,2,1,1,1,1,1,3,1,0,0,0,0,0,0,0,0,0,0,0,0,8370,35999,36005,35997,36001,36001,36002,36000,36002,35999,35991,7258,0,0,0,0,0,0,0
2004-10-15,153,283,372241,0,0,0,0,0,0,148,1,1,1,1,0,0,0,1,0,0,0,0,0,0,0,0,0,0,0,0,0,0,0,266,5,1,2,1,1,1,1,2,2,1,0,0,0,0,0,0,0,0,0,0,0,0,6570,35997,36003,36001,36000,36003,35994,35999,36002,36000,36003,5669,0,0,0,0,0,0,0
2004-10-16,98,205,368857,0,0,0,0,0,0,94,0,0,0,1,0,1,0,1,1,0,0,0,0,0,0,0,0,0,0,0,0,0,0,189,6,1,1,1,1,1,1,1,2,1,0,0,0,0,0,0,0,0,0,0,0,0,4780,35992,36005,36003,35991,36000,36001,36001,36001,36002,36000,4081,0,0,0,0,0,0,0
2004-10-17,84,202,367651,0,0,0,0,0,0,81,2,0,0,0,0,0,0,0,1,0,0,0,0,0,0,0,0,0,0,0,0,0,1,185,8,1,1,2,1,0,1,1,1,0,0,0,0,0,0,0,0,0,0,0,0,0,2980,35994,36002,36004,35994,36002,36002,36001,35994,36000,36002,4676,0,0,0,0,0,0,0
2004-10-18,82,190,364231,0,0,0,0,0,1,57,0,0,0,6,15,0,0,1,1,1,0,0,0,0,0,0,0,0,0,0,0,0,1,127,3,1,1,17,34,0,1,3,1,1,0,0,0,0,0,0,0,0,0,0,0,0,1180,35992,36002,36000,36003,36000,36000,36001,36002,35992,36000,3059,0,0,0,0,0,0,0
2004-10-19,0,3,25085,0,0,0,0,0,0,0,0,0,0,0,0,0,0,0,0,0,0,0,0,0,0,0,0,0,0,0,0,0,0,0,0,0,0,0,0,0,0,3,0,0,0,0,0,0,0,0,0,0,0,0,0,0,0,0,0,0,0,0,0,0,0,25085,0,0,0,0,0,0,0,0,0
2004-10-20,68,160,355681,0,0,0,0,0,0,34,5,1,1,21,1,0,1,3,1,0,0,0,0,0,0,0,0,0,0,0,0,0,0,81,12,5,2,38,4,2,1,14,1,0,0,0,0,0,0,0,0,0,0,0,0,0,0,33575,36000,36001,35998,36002,35993,36003,36004,36002,34103,0,0,0,0,0,0,0,0
2004-10-21,30,89,246939,0,0,0,0,0,0,0,0,0,12,4,6,1,0,6,1,0,0,0,0,0,0,0,0,0,0,0,0,0,0,0,0,0,18,15,10,4,2,39,1,0,0,0,0,0,0,0,0,0,0,0,0,0,0,0,0,0,31772,35997,35994,36006,35995,36004,35171,0,0,0,0,0,0,0,0
2004-10-22,67,261,350785,0,0,0,0,0,0,27,1,15,1,2,2,0,0,19,0,0,0,0,0,0,0,0,0,0,0,0,0,0,0,76,12,40,1,5,6,1,1,118,1,0,0,0,0,0,0,0,0,0,0,0,0,0,0,29980,35995,36006,35996,36005,35995,36005,35996,35995,32812,0,0,0,0,0,0,0,0
2004-10-23,86,268,347329,0,0,0,0,0,0,26,0,1,0,3,1,0,1,53,1,0,0,0,0,0,0,0,0,0,0,0,0,0,0,66,5,1,1,5,1,1,1,186,1,0,0,0,0,0,0,0,0,0,0,0,0,0,0,28178,35995,36006,35996,36005,35995,36006,35996,35996,31156,0,0,0,0,0,0,0,0
2004-10-24,90,298,345601,0,0,0,0,0,0,7,1,1,1,0,0,1,1,78,0,0,0,0,0,0,0,0,0,0,0,0,0,0,0,36,13,1,2,0,1,1,2,241,1,0,0,0,0,0,0,0,0,0,0,0,0,0,0,28172,35996,36006,35997,35998,36005,35994,35997,36004,29432,0,0,0,0,0,0,0,0
2004-10-25,72,251,343963,0,0,0,0,0,0,3,0,0,1,0,2,5,1,59,1,0,0,0,0,0,0,0,0,0,0,0,0,0,0,14,7,1,1,2,5,7,1,212,1,0,0,0,0,0,0,0,0,0,0,0,0,0,0,26366,36005,35997,36006,35996,35996,36008,35994,36006,29589,0,0,0,0,0,0,0,0
2004-10-26,219,541,340471,0,0,0,0,0,0,0,13,1,3,1,3,0,1,196,1,0,0,0,0,0,0,0,0,0,0,0,0,0,0,14,41,3,13,4,13,3,7,442,1,0,0,0,0,0,0,0,0,0,0,0,0,0,0,24574,36007,35998,35999,35997,35998,36000,36006,36000,27892,0,0,0,0,0,0,0,0
2004-10-27,317,675,336979,0,0,0,0,0,0,1,3,1,1,0,0,0,1,309,1,0,0,0,0,0,0,0,0,0,0,0,0,0,0,9,23,1,1,1,5,1,1,632,1,0,0,0,0,0,0,0,0,0,0,0,0,0,0,22774,36005,35999,35999,35996,36008,35999,35998,36002,26199,0,0,0,0,0,0,0,0
2004-10-28,381,747,333487,0,0,0,0,0,0,0,4,1,1,0,2,0,1,372,0,0,0,0,0,0,0,0,0,0,0,0,0,0,0,3,25,3,4,1,2,7,1,700,1,0,0,0,0,0,0,0,0,0,0,0,0,0,0,20970,36009,35995,35997,36006,35997,35996,36007,35995,24515,0,0,0,0,0,0,0,0
2004-10-29,183,444,331633,0,0,0,0,0,0,0,0,0,3,2,1,2,1,173,1,0,0,0,0,0,0,0,0,0,0,0,0,0,0,0,1,4,13,8,4,10,16,387,1,0,0,0,0,0,0,0,0,0,0,0,0,0,0,19170,35997,36007,35998,35994,36006,35998,35996,36006,24461,0,0,0,0,0,0,0,0
2004-10-30,514,884,328105,0,0,0,0,0,0,4,3,7,36,13,125,6,3,316,1,0,0,0,0,0,0,0,0,0,0,0,0,0,0,7,17,18,66,35,191,25,9,515,1,0,0,0,0,0,0,0,0,0,0,0,0,0,0,17370,36003,35996,35998,35997,36007,35997,35997,36007,22733,0,0,0,0,0,0,0,0
2004-10-31,276,512,324577,0,0,0,0,0,0,0,2,1,2,1,0,0,1,268,1,0,0,0,0,0,0,0,0,0,0,0,0,0,0,0,21,7,6,1,1,3,5,467,1,0,0,0,0,0,0,0,0,0,0,0,0,0,0,15570,36005,35999,35997,35999,36001,36003,36001,36000,21002,0,0,0,0,0,0,0,0
2004-11-01,281,527,322543,0,0,0,0,0,0,0,3,0,1,0,0,0,0,277,0,0,0,0,0,0,0,0,0,0,0,0,0,0,0,0,22,4,3,1,8,1,0,487,1,0,0,0,0,0,0,0,0,0,0,0,0,0,0,11980,36002,35991,36003,35999,35999,36000,36000,36000,22569,0,0,0,0,0,0,0,0
2004-11-02,125,336,315415,0,0,0,0,0,0,0,3,4,0,2,1,0,4,111,0,0,0,0,0,0,0,0,0,0,0,0,0,0,0,0,55,6,4,8,5,4,15,238,1,0,0,0,0,0,0,0,0,0,0,0,0,0,0,8380,35996,35998,36007,35998,35997,35997,36009,35999,19034,0,0,0,0,0,0,0,0
2004-11-03,462,774,315019,0,0,0,0,0,0,0,130,0,0,0,0,1,2,329,0,0,0,0,0,0,0,0,0,0,0,0,0,0,0,0,277,3,2,4,2,1,4,480,1,0,0,0,0,0,0,0,0,0,0,0,0,0,0,6580,35996,36006,35997,35998,35997,36007,35997,35997,20444,0,0,0,0,0,0,0,0
2004-11-04,1203,1982,309610,0,0,0,0,0,0,0,45,63,268,469,5,0,1,351,1,0,0,0,0,0,0,0,0,0,0,0,0,0,0,1,155,89,358,791,8,6,2,571,1,0,0,0,0,0,0,0,0,0,0,0,0,0,0,2970,35999,35997,36008,35994,36005,36001,35997,35997,18642,0,0,0,0,0,0,0,0
2004-11-05,1044,1610,306012,0,0,0,0,0,0,0,387,1,0,7,15,8,4,622,0,0,0,0,0,0,0,0,0,0,0,0,0,0,0,1,628,1,2,16,46,16,5,894,1,0,0,0,0,0,0,0,0,0,0,0,0,0,0,1170,35999,36008,35998,35996,35998,36006,35997,35997,16843,0,0,0,0,0,0,0,0
2004-11-06,544,883,300607,0,0,0,0,0,0,0,243,1,0,0,1,0,1,297,1,0,0,0,0,0,0,0,0,0,0,0,0,0,0,0,421,1,2,4,1,3,2,448,1,0,0,0,0,0,0,0,0,0,0,0,0,0,0,0,33571,35998,35999,36006,35997,35998,36005,36000,15033,0,0,0,0,0,0,0,0
2004-11-08,224,367,77400,0,0,0,0,0,0,0,0,0,0,0,0,0,6,218,0,0,0,0,0,0,0,0,0,0,0,0,0,0,0,0,0,0,0,0,0,0,16,350,1,0,0,0,0,0,0,0,0,0,0,0,0,0,0,0,0,0,0,0,0,0,29967,35989,11444,0,0,0,0,0,0,0,0
2004-11-09,9,43,118392,0,0,0,0,0,0,0,6,2,0,1,0,0,0,0,0,0,0,0,0,0,0,0,0,0,0,0,0,0,0,0,34,5,2,2,0,0,0,0,0,0,0,0,0,0,0,0,0,0,0,0,0,0,0,0,26377,35997,36006,20012,0,0,0,0,0,0,0,0,0,0,0,0,0
2004-11-11,111,212,279004,0,0,0,0,0,0,0,1,1,0,1,1,0,2,104,1,0,0,0,0,0,0,0,0,0,0,0,0,0,0,0,1,1,1,1,1,1,5,200,1,0,0,0,0,0,0,0,0,0,0,0,0,0,0,0,20972,35998,35997,35998,36000,36007,35996,35999,6037,0,0,0,0,0,0,0,0
2004-11-12,30,89,275412,0,0,0,0,0,0,0,0,1,1,0,1,0,0,27,0,0,0,0,0,0,0,0,0,0,0,0,0,0,0,0,0,1,2,1,1,1,1,81,1,0,0,0,0,0,0,0,0,0,0,0,0,0,0,0,19180,35998,35996,36006,35997,35997,36004,35999,4235,0,0,0,0,0,0,0,0
2004-11-13,34,81,271808,0,0,0,0,0,0,0,0,1,0,11,1,0,0,21,0,0,0,0,0,0,0,0,0,0,0,0,0,0,0,0,2,1,1,20,1,1,1,54,0,0,0,0,0,0,0,0,0,0,0,0,0,0,0,0,17370,36003,36000,35997,35999,36008,35999,35997,2435,0,0,0,0,0,0,0,0
2004-11-14,17,65,266416,0,0,0,0,0,0,0,0,1,1,0,1,0,0,14,0,0,0,0,0,0,0,0,0,0,0,0,0,0,0,0,0,1,1,1,3,1,2,55,1,0,0,0,0,0,0,0,0,0,0,0,0,0,0,0,13780,35994,36007,36000,35996,36000,35998,35998,643,0,0,0,0,0,0,0,0
2004-11-15,73,146,262804,0,0,0,0,0,0,0,0,2,0,0,3,0,1,67,0,0,0,0,0,0,0,0,0,0,0,0,0,0,0,0,0,6,1,0,6,1,3,129,0,0,0,0,0,0,0,0,0,0,0,0,0,0,0,0,11970,35999,36002,35996,36009,35999,36000,34829,0,0,0,0,0,0,0,0,0
2004-11-16,27,62,259209,0,0,0,0,0,0,0,0,1,1,0,0,0,0,25,0,0,0,0,0,0,0,0,0,0,0,0,0,0,0,0,0,7,3,0,1,2,1,48,0,0,0,0,0,0,0,0,0,0,0,0,0,0,0,0,10180,35999,35998,36004,35994,36001,36004,33029,0,0,0,0,0,0,0,0,0
2004-11-17,7,30,255604,0,0,0,0,0,0,0,1,1,1,1,1,0,0,2,0,0,0,0,0,0,0,0,0,0,0,0,0,0,0,0,14,1,1,3,2,1,1,7,0,0,0,0,0,0,0,0,0,0,0,0,0,0,0,0,8370,35996,36000,36001,36003,36004,35991,31239,0,0,0,0,0,0,0,0,0
2004-11-18,110,227,252003,0,0,0,0,0,0,0,88,1,0,9,8,2,0,2,0,0,0,0,0,0,0,0,0,0,0,0,0,0,0,0,174,2,1,18,19,5,1,7,0,0,0,0,0,0,0,0,0,0,0,0,0,0,0,0,6570,35995,36002,36000,36001,35999,36001,29435,0,0,0,0,0,0,0,0,0
2004-11-19,5,16,248405,0,0,0,0,0,0,0,0,0,0,3,0,1,0,1,0,0,0,0,0,0,0,0,0,0,0,0,0,0,0,0,1,1,1,6,1,1,1,4,0,0,0,0,0,0,0,0,0,0,0,0,0,0,0,0,4770,36006,36000,36001,35991,36000,36002,27635,0,0,0,0,0,0,0,0,0
2004-11-21,70,97,244808,0,0,0,0,0,0,0,68,1,0,0,0,0,0,1,0,0,0,0,0,0,0,0,0,0,0,0,0,0,0,0,88,3,1,1,1,1,1,1,0,0,0,0,0,0,0,0,0,0,0,0,0,0,0,0,2970,36003,35997,36003,36005,35996,36005,25829,0,0,0,0,0,0,0,0,0
2004-11-23,87,139,239409,0,0,0,0,0,0,0,0,1,1,9,33,19,23,1,0,0,0,0,0,0,0,0,0,0,0,0,0,0,0,0,0,3,2,15,54,32,31,2,0,0,0,0,0,0,0,0,0,0,0,0,0,0,0,0,1170,36005,35995,36002,36001,35996,36006,22234,0,0,0,0,0,0,0,0,0
2004-11-25,4,6,235810,0,0,0,0,0,0,0,0,0,0,1,1,0,1,1,0,0,0,0,0,0,0,0,0,0,0,0,0,0,0,0,0,1,0,1,1,1,1,1,0,0,0,0,0,0,0,0,0,0,0,0,0,0,0,0,0,35376,35998,36003,36002,36000,35994,20437,0,0,0,0,0,0,0,0,0
2004-11-27,2,6,232207,0,0,0,0,0,0,0,0,0,0,1,1,0,0,0,0,0,0,0,0,0,0,0,0,0,0,0,0,0,0,0,0,0,1,1,1,1,1,1,0,0,0,0,0,0,0,0,0,0,0,0,0,0,0,0,0,33574,36001,36002,35992,36001,36003,18634,0,0,0,0,0,0,0,0,0
2004-11-29,3,6,228607,0,0,0,0,0,0,0,0,0,1,0,0,1,0,1,0,0,0,0,0,0,0,0,0,0,0,0,0,0,0,0,0,0,1,1,1,1,1,1,0,0,0,0,0,0,0,0,0,0,0,0,0,0,0,0,0,33574,35992,36004,36002,36001,35994,15040,0,0,0,0,0,0,0,0,0
2004-11-30,1,5,226812,0,0,0,0,0,0,0,0,0,0,0,0,0,0,1,0,0,0,0,0,0,0,0,0,0,0,0,0,0,0,0,0,0,0,1,1,1,1,1,0,0,0,0,0,0,0,0,0,0,0,0,0,0,0,0,0,31770,36003,36002,35993,35999,36003,15042,0,0,0,0,0,0,0,0,0
2004-12-01,6,35,225014,0,0,0,0,0,0,0,0,1,1,1,0,0,3,0,0,0,0,0,0,0,0,0,0,0,0,0,0,0,0,0,0,7,4,5,3,1,14,1,0,0,0,0,0,0,0,0,0,0,0,0,0,0,0,0,0,31772,36005,36003,36001,35994,36003,13236,0,0,0,0,0,0,0,0,0
2004-12-02,4,10,225006,0,0,0,0,0,0,0,0,0,0,1,1,0,1,1,0,0,0,0,0,0,0,0,0,0,0,0,0,0,0,0,0,0,1,1,1,4,2,1,0,0,0,0,0,0,0,0,0,0,0,0,0,0,0,0,0,31772,35995,36005,35995,36004,35995,13240,0,0,0,0,0,0,0,0,0
2004-12-03,3,10,221414,0,0,0,0,0,0,0,0,0,1,1,0,0,1,0,0,0,0,0,0,0,0,0,0,0,0,0,0,0,0,0,0,0,1,1,1,0,6,1,0,0,0,0,0,0,0,0,0,0,0,0,0,0,0,0,0,29981,35995,36000,36001,36002,36000,11435,0,0,0,0,0,0,0,0,0
2004-12-04,3,7,221411,0,0,0,0,0,0,0,0,0,0,1,1,0,0,1,0,0,0,0,0,0,0,0,0,0,0,0,0,0,0,0,0,0,1,1,1,1,2,1,0,0,0,0,0,0,0,0,0,0,0,0,0,0,0,0,0,29970,36005,36001,35996,36001,36001,11437,0,0,0,0,0,0,0,0,0
2004-12-05,5,11,219605,0,0,0,0,0,0,0,0,0,0,1,1,1,1,1,0,0,0,0,0,0,0,0,0,0,0,0,0,0,0,0,0,1,1,1,1,1,5,1,0,0,0,0,0,0,0,0,0,0,0,0,0,0,0,0,0,29970,36003,36002,35999,36002,36001,9628,0,0,0,0,0,0,0,0,0
2004-12-06,1,8,217819,0,0,0,0,0,0,0,0,0,0,0,0,0,1,0,0,0,0,0,0,0,0,0,0,0,0,0,0,0,0,0,0,0,1,3,1,1,1,1,0,0,0,0,0,0,0,0,0,0,0,0,0,0,0,0,0,28178,35998,35999,36004,36000,36003,9637,0,0,0,0,0,0,0,0,0
2004-12-07,4,6,217816,0,0,0,0,0,0,0,0,0,1,0,0,1,1,1,0,0,0,0,0,0,0,0,0,0,0,0,0,0,0,0,0,0,1,1,1,1,1,1,0,0,0,0,0,0,0,0,0,0,0,0,0,0,0,0,0,28178,36002,35996,36001,36003,36001,9635,0,0,0,0,0,0,0,0,0
2004-12-08,12,47,216009,0,0,0,0,0,0,0,0,0,0,0,1,9,1,1,0,0,0,0,0,0,0,0,0,0,0,0,0,0,0,0,0,0,0,1,1,43,1,1,0,0,0,0,0,0,0,0,0,0,0,0,0,0,0,0,0,28167,36000,36006,35998,35997,36006,7835,0,0,0,0,0,0,0,0,0
2004-12-09,2,19,216008,0,0,0,0,0,0,0,0,0,0,1,0,1,0,0,0,0,0,0,0,0,0,0,0,0,0,0,0,0,0,0,0,0,1,1,1,1,14,1,0,0,0,0,0,0,0,0,0,0,0,0,0,0,0,0,0,28178,35992,36005,35998,35998,36008,7829,0,0,0,0,0,0,0,0,0
2004-12-10,6,17,214208,0,0,0,0,0,0,0,0,0,1,1,1,0,2,1,0,0,0,0,0,0,0,0,0,0,0,0,0,0,0,0,0,0,1,1,1,1,12,1,0,0,0,0,0,0,0,0,0,0,0,0,0,0,0,0,0,26366,35998,36007,35998,35995,36006,7838,0,0,0,0,0,0,0,0,0
2004-12-11,2,18,214207,0,0,0,0,0,0,0,0,0,0,0,1,0,0,1,0,0,0,0,0,0,0,0,0,0,0,0,0,0,0,0,0,0,1,1,1,1,13,1,0,0,0,0,0,0,0,0,0,0,0,0,0,0,0,0,0,26377,35996,36000,36006,35996,36004,7828,0,0,0,0,0,0,0,0,0
2004-12-12,2,15,212407,0,0,0,0,0,0,0,0,0,0,0,1,0,1,0,0,0,0,0,0,0,0,0,0,0,0,0,0,0,0,0,0,0,1,1,1,1,10,1,0,0,0,0,0,0,0,0,0,0,0,0,0,0,0,0,0,26377,35997,35997,36002,35998,36000,6036,0,0,0,0,0,0,0,0,0
2004-12-13,4,13,212416,0,0,0,0,0,0,0,0,0,1,0,1,0,1,1,0,0,0,0,0,0,0,0,0,0,0,0,0,0,0,0,0,0,1,1,1,1,8,1,0,0,0,0,0,0,0,0,0,0,0,0,0,0,0,0,0,26376,35996,36007,35996,35998,36006,6037,0,0,0,0,0,0,0,0,0
2004-12-14,4,17,212409,0,0,0,0,0,0,0,0,0,1,0,0,0,2,1,0,0,0,0,0,0,0,0,0,0,0,0,0,0,0,0,0,0,1,1,1,1,12,1,0,0,0,0,0,0,0,0,0,0,0,0,0,0,0,0,0,26377,35995,36001,36006,35996,35997,6037,0,0,0,0,0,0,0,0,0
2004-12-15,7,30,212415,0,0,0,0,0,0,0,0,0,1,0,0,1,5,0,0,0,0,0,0,0,0,0,0,0,0,0,0,0,0,0,0,0,1,1,1,3,23,1,0,0,0,0,0,0,0,0,0,0,0,0,0,0,0,0,0,26376,35997,36004,35999,35999,36000,6040,0,0,0,0,0,0,0,0,0
2004-12-17,4,46,212410,0,0,0,0,0,0,0,0,0,0,2,1,0,1,0,0,0,0,0,0,0,0,0,0,0,0,0,0,0,0,0,0,4,12,9,1,1,18,1,0,0,0,0,0,0,0,0,0,0,0,0,0,0,0,0,0,26376,35997,36006,35999,35999,35997,6036,0,0,0,0,0,0,0,0,0
2004-12-18,3,24,212408,0,0,0,0,0,0,0,0,0,1,1,1,0,0,0,0,0,0,0,0,0,0,0,0,0,0,0,0,0,0,0,0,0,1,1,5,1,15,1,0,0,0,0,0,0,0,0,0,0,0,0,0,0,0,0,0,26376,35996,36007,35994,36001,36003,6031,0,0,0,0,0,0,0,0,0
2004-12-20,6,37,210612,0,0,0,0,0,0,0,0,0,0,1,0,1,3,1,0,0,0,0,0,0,0,0,0,0,0,0,0,0,0,0,0,0,1,1,1,1,32,1,0,0,0,0,0,0,0,0,0,0,0,0,0,0,0,0,0,26376,35998,36001,35997,35999,36006,4235,0,0,0,0,0,0,0,0,0
2004-12-21,31,128,210603,0,0,0,0,0,0,0,0,2,3,0,2,0,23,1,0,0,0,0,0,0,0,0,0,0,0,0,0,0,0,0,0,10,16,13,9,6,73,1,0,0,0,0,0,0,0,0,0,0,0,0,0,0,0,0,0,26366,36002,36007,35997,35997,35999,4235,0,0,0,0,0,0,0,0,0
2004-12-22,16,72,212412,0,0,0,0,0,0,0,0,1,0,1,1,1,11,1,0,0,0,0,0,0,0,0,0,0,0,0,0,0,0,0,0,2,2,2,2,1,62,1,0,0,0,0,0,0,0,0,0,0,0,0,0,0,0,0,0,26376,35998,35997,36009,35998,35996,6038,0,0,0,0,0,0,0,0,0
2004-12-23,7,31,212413,0,0,0,0,0,0,0,0,0,1,0,1,2,2,1,0,0,0,0,0,0,0,0,0,0,0,0,0,0,0,0,0,0,1,1,2,2,24,1,0,0,0,0,0,0,0,0,0,0,0,0,0,0,0,0,0,26377,35997,35999,36007,35999,35998,6036,0,0,0,0,0,0,0,0,0
2004-12-24,2,32,212409,0,0,0,0,0,0,0,0,0,0,1,0,0,1,0,0,0,0,0,0,0,0,0,0,0,0,0,0,0,0,0,0,0,1,2,1,1,26,1,0,0,0,0,0,0,0,0,0,0,0,0,0,0,0,0,0,26376,35998,35998,36009,35991,35999,6038,0,0,0,0,0,0,0,0,0
2004-12-25,4,18,212415,0,0,0,0,0,0,0,0,0,1,0,0,1,1,1,0,0,0,0,0,0,0,0,0,0,0,0,0,0,0,0,0,0,1,1,1,5,9,1,0,0,0,0,0,0,0,0,0,0,0,0,0,0,0,0,0,26377,35997,35999,36008,35992,36008,6034,0,0,0,0,0,0,0,0,0
2004-12-26,2,20,212415,0,0,0,0,0,0,0,0,0,0,0,0,0,1,1,0,0,0,0,0,0,0,0,0,0,0,0,0,0,0,0,0,0,1,1,1,7,9,1,0,0,0,0,0,0,0,0,0,0,0,0,0,0,0,0,0,26378,35998,35999,36007,35997,35998,6038,0,0,0,0,0,0,0,0,0
2004-12-27,3,9,212408,0,0,0,0,0,0,0,0,0,0,1,1,0,1,0,0,0,0,0,0,0,0,0,0,0,0,0,0,0,0,0,0,0,1,1,1,1,4,1,0,0,0,0,0,0,0,0,0,0,0,0,0,0,0,0,0,26376,35996,35999,36002,36003,36001,6031,0,0,0,0,0,0,0,0,0
2004-12-28,365,602,212407,0,0,0,0,0,0,0,0,5,81,1,22,34,221,1,0,0,0,0,0,0,0,0,0,0,0,0,0,0,0,0,0,14,153,2,53,65,314,1,0,0,0,0,0,0,0,0,0,0,0,0,0,0,0,0,0,26366,36006,35998,35997,36007,35997,6036,0,0,0,0,0,0,0,0,0
2004-12-29,236,296,214216,0,0,0,0,0,0,0,0,209,24,1,0,1,1,0,0,0,0,0,0,0,0,0,0,0,0,0,0,0,0,0,0,249,42,1,1,1,1,1,0,0,0,0,0,0,0,0,0,0,0,0,0,0,0,0,0,26377,35997,35999,36009,35998,35997,7839,0,0,0,0,0,0,0,0,0
2004-12-30,2350,3409,216006,0,0,0,0,0,0,0,0,0,0,654,1693,1,1,1,0,0,0,0,0,0,0,0,0,0,0,0,0,0,0,0,0,0,1,886,2516,2,3,1,0,0,0,0,0,0,0,0,0,0,0,0,0,0,0,0,0,28168,36001,35998,36000,36002,36003,7834,0,0,0,0,0,0,0,0,0
2004-12-31,5,11,216005,0,0,0,0,0,0,0,0,0,1,1,1,1,0,1,0,0,0,0,0,0,0,0,0,0,0,0,0,0,0,0,0,4,1,1,1,1,2,1,0,0,0,0,0,0,0,0,0,0,0,0,0,0,0,0,0,28177,35997,36000,35999,35995,36008,7829,0,0,0,0,0,0,0,0,0
